date,year,region,id,species,length,oto_rad,oto_wt,age,SSTmean,SSTlo
16-08-04,2004,Rowley,S12638,Lutjanus_ bohar,401,914.096,NA,6,27.838,25.236225
15-08-04,2004,Rowley,S12630,Lutjanus_ bohar,698,2116.094,NA,38,27.646,25.044225
15-08-04,2004,Rowley,S12632,Lutjanus_ bohar,569,1515.817,NA,22,27.752,25.150225
18-08-04,2004,Rowley,S12644,Lutjanus_ bohar,695,3329.088,NA,71,27.627,25.025225
02-06-97,1996,Rowley,S5781,Lutjanus_ bohar,592,1791.666,0.27277,30,27.591,24.989225
02-06-97,1996,Rowley,S5782,Lutjanus_ bohar,672,3324.094,0.656,79,27.6,24.998225
02-06-97,1996,Rowley,S5783,Lutjanus_ bohar,625,2859.699,0.4966,58,27.574,24.972225
23-05-97,1996,Rowley,S4504,Lutjanus_ bohar,670,1588.641,0.29142,22,27.6,24.998225
23-05-97,1996,Rowley,S4506,Lutjanus_ bohar,653,2682.774,0.45106,42,27.59,24.988225
29-05-97,1996,Rowley,S4521,Lutjanus_ bohar,617,1948.181,0.37233,29,27.602,25.000225
26-05-97,1996,Rowley,S4515,Lutjanus_ bohar,609,2624.891,0.35559,53,27.561,24.959225
29-05-97,1996,Rowley,S4518,Lutjanus_ bohar,658,2834.166,0.50935,55,27.569,24.967225
29-05-97,1996,Rowley,S4519,Lutjanus_ bohar,704,2734.483,0.58379,63,27.593,24.991225
29-05-97,1996,Rowley,S4523,Lutjanus_ bohar,648,2812.29,0.52379,57,27.57,24.968225
30-05-97,1996,Rowley,S4527,Lutjanus_ bohar,663,1853.226,0.38445,47,27.565,24.963225
30-05-97,1996,Rowley,S4528,Lutjanus_ bohar,665,2380.305,0.48925,47,27.565,24.963225
02-06-97,1996,Rowley,S5780,Lutjanus_ bohar,636,2353.904,0.44857,44,27.585,24.983225
29-05-97,1996,Rowley,S4520,Lutjanus_ bohar,724,1866.423,NA,34,27.582,24.980225
19-08-04,2004,Rowley,S12649,Lutjanus_ bohar,771,2619.529,NA,63,27.606,25.004225
18-08-04,2004,Rowley,S12645,Lutjanus_ bohar,595,2041.149,NA,34,27.661,25.059225
19-08-04,2004,Rowley,S12646,Lutjanus_ bohar,660,1756.262,NA,26,27.653,25.051225
19-08-04,2004,Rowley,S12648,Lutjanus_ bohar,682,2428.551,NA,54,27.61,25.008225
19-08-04,2004,Rowley,S12657,Lutjanus_ bohar,411,1022.523,NA,7,27.909,25.307225
20-08-04,2004,Rowley,S12662,Lutjanus_ bohar,640,2261.904,NA,44,27.641,25.039225
21-08-04,2004,Rowley,S12672,Lutjanus_ bohar,591,1784.768,NA,22,27.752,25.150225
20-08-04,2004,Rowley,S12668,Lutjanus_ bohar,604,1379.561,NA,23,27.744,25.142225
19-08-04,2004,Rowley,S12650,Lutjanus_ bohar,589,1486.33,NA,20,27.739,25.137225
21-08-04,2004,Rowley,S12671,Lutjanus_ bohar,745,2016.48,NA,31,27.661,25.059225
09-09-16,2016,Scott,TRIP6550_104,Lutjanus_ bohar,455,1294.995,NA,7,28.796,26.717929
10-09-16,2016,Scott,TRIP6550_113,Lutjanus_ bohar,617,1592.679,0.25336,25,28.6,26.521929
10-06-97,1996,Scott,S5791,Lutjanus_ bohar,586,1848.352,0.27179,25,28.297,26.218929
10-06-97,1996,Scott,S5793,Lutjanus_ bohar,662,1886.617,0.30745,23,28.298,26.219929
11-06-97,1996,Scott,S5794,Lutjanus_ bohar,560,1867.728,0.34968,32,28.246,26.167929
12-06-97,1996,Scott,S5798,Lutjanus_ bohar,737,2449.635,0.42572,46,28.275,26.196929
13-06-97,1996,Scott,S5799,Lutjanus_ bohar,781,3695.684,0.65976,77,28.249,26.170929
16-06-97,1996,Scott,S5805,Lutjanus_ bohar,770,2824.183,0.66508,56,28.251,26.172929
13-06-97,1996,Scott,S5800,Lutjanus_ bohar,746,2280.859,0.5104,44,28.288,26.209929
11-08-04,2004,Scott,S12604,Lutjanus_ bohar,468,1206.554,NA,16,28.507,26.428929
12-08-04,2004,Scott,S12616,Lutjanus_ bohar,619,1537.045,NA,17,28.526,26.447929
08-08-04,2004,Scott,S12589,Lutjanus_ bohar,390,1051.609,NA,8,28.575,26.496929
10-08-04,2004,Scott,S12599,Lutjanus_ bohar,552,1425.185,NA,14,28.496,26.417929
10-08-04,2004,Scott,S12600,Lutjanus_ bohar,503,1319.56,NA,16,28.507,26.428929
10-08-04,2004,Scott,S12601,Lutjanus_ bohar,446,1197.791,NA,13,28.526,26.447929
10-08-04,2004,Scott,S12603,Lutjanus_ bohar,332,987.396,NA,9,28.562,26.483929
11-08-04,2004,Scott,S12605,Lutjanus_ bohar,362,929.991,NA,8,28.575,26.496929
08-08-04,2004,Scott,S12592,Lutjanus_ bohar,433,1123.425,NA,15,28.501,26.422929
11-08-04,2004,Scott,S12610,Lutjanus_ bohar,322,830.464,NA,5,28.496,26.417929
11-08-04,2004,Scott,S12611,Lutjanus_ bohar,400,929.736,NA,6,28.528,26.449929
11-08-04,2004,Scott,S12612,Lutjanus_ bohar,265,750.582,NA,5,28.496,26.417929
11-08-04,2004,Scott,S12613,Lutjanus_ bohar,234,626.568,NA,3,28.533,26.454929
10-08-04,2004,Scott,S12602,Lutjanus_ bohar,250,799.119,NA,4,28.521,26.442929
12-08-04,2004,Scott,S12617,Lutjanus_ bohar,663,1702.99,NA,26,28.545,26.466929
12-08-04,2004,Scott,S12619,Lutjanus_ bohar,425,1138.794,NA,10,28.551,26.472929
12-08-04,2004,Scott,S12621,Lutjanus_ bohar,405,999.957,NA,7,28.626,26.547929
12-08-04,2004,Scott,S12622,Lutjanus_ bohar,646,2575.885,NA,51,28.335,26.256929
15-07-06,2005,Scott,S14004,Lutjanus_ bohar,344,838.522,NA,6,28.529,26.450929
12-07-06,2005,Scott,S13995,Lutjanus_ bohar,617,2598.922,NA,55,28.33,26.251929
09-07-06,2005,Scott,S13984,Lutjanus_ bohar,321,925.64,NA,6,28.529,26.450929
12-08-04,2005,Scott,S12615,Lutjanus_ bohar,594,1590.629,NA,22,28.466,26.387929
09-07-06,2005,Scott,S13978,Lutjanus_ bohar,632,3220.88,NA,NA,NA,NA
09-07-06,2005,Scott,S13980,Lutjanus_ bohar,531,1286.877,NA,19,28.528,26.449929
09-07-06,2005,Scott,S13981,Lutjanus_ bohar,625,2319.301,NA,47,28.341,26.262929
09-07-06,2005,Scott,S13985,Lutjanus_ bohar,390,1037.689,NA,8,28.532,26.453929
09-07-06,2005,Scott,S13986,Lutjanus_ bohar,450,1026.755,NA,12,28.55,26.471929
10-07-06,2005,Scott,S13987,Lutjanus_ bohar,436,1082.074,NA,13,28.533,26.454929
10-07-06,2005,Scott,S13988,Lutjanus_ bohar,466,1117.608,NA,14,28.517,26.438929
11-07-06,2005,Scott,S13992,Lutjanus_ bohar,738,2656.47,NA,48,28.349,26.270929
12-07-06,2005,Scott,S13994,Lutjanus_ bohar,624,2759.539,NA,55,28.33,26.251929
09-07-06,2005,Scott,S13982,Lutjanus_ bohar,453,1252.191,NA,15,28.529,26.450929
13-07-06,2005,Scott,S13999,Lutjanus_ bohar,520,1154.644,NA,15,28.529,26.450929
13-07-06,2005,Scott,S14000,Lutjanus_ bohar,429,1232.395,NA,10,28.569,26.490929
11-07-06,2005,Scott,S13991,Lutjanus_ bohar,489,1394.868,NA,19,28.528,26.449929
17-May-18,2017,Chagos,LB46,Lutjanus_ bohar,623,2301.904,0.41411,42,28.412,27.577161
17-May-18,2017,Chagos,LB47,Lutjanus_ bohar,613,2367.427,0.4156,33,28.472,27.637161
18-May-18,2017,Chagos,LB49,Lutjanus_ bohar,686,1662.633,0.333,26,28.5802,27.745361
18-Mar-19,2018,Chagos,LB51,Lutjanus_ bohar,394,1339.323,0.11064,13,28.639,27.804161
18-Mar-19,2018,Chagos,LB53,Lutjanus_ bohar,500,1380.46,0.17437,12,28.65,27.815161
18-Mar-19,2018,Chagos,LB55,Lutjanus_ bohar,409,1021.854,0.1056,9,28.669,27.834161
18-Mar-19,2018,Chagos,LB56,Lutjanus_ bohar,529,1508.912,0.24855,16,28.607,27.772161
18-Mar-19,2018,Chagos,LB57,Lutjanus_ bohar,384,996.735,0.10907,8,28.701,27.866161
18-Mar-19,2018,Chagos,LB59,Lutjanus_ bohar,545,1541.359,0.28424,20,28.577,27.742161
18-Mar-19,2018,Chagos,LB62,Lutjanus_ bohar,434,1145.901,0.13148,11,28.665,27.830161
08-09-16,2018,Scott,S96,Macolor_niger,425,1201.91,0.17277,14,28.651,26.572929
25-Jun-14,2013,MTMNM,SE_14_04_0555,Naso_unicornis,452,641.388,0.0263,16,28.09,25.87
01-Jun-13,2012,NMI,CMPCI_1064,Naso_unicornis,496,1270.85,0.0382,21,28.3,26.4
23-Jun-13,2012,NMI,CMPCI_1162,Naso_unicornis,330,1323.37,0.0324,21,28.46,26.75
20-Jul-13,2012,NMI,CMPCI_1258,Naso_unicornis,475,976.77,0.0271,23,28.55,27.01
20-Jul-13,2012,NMI,CMPCI_1259,Naso_unicornis,478,1251.95,0.0373,28,28.54,27.02
16-Aug-13,2012,NMI,CMPCI_1333,Naso_unicornis,524,1709.87,0.0475,33,28.52,26.99
13-Jul-14,2013,NMI,SE_14_04_1897,Naso_unicornis,334,501.31,0.0123,4,28.5,26.78
06-Mar-09,2008,Oahu,NUNI20090306_08,Naso_unicornis,475,763.4923117,0.02032,10,25.37,23.92
06-Mar-09,2008,Oahu,NUNI20090306_09,Naso_unicornis,458,723.6680552,0.01855,9,25.42,23.94
06-Mar-09,2008,Oahu,NUNI20090306_12,Naso_unicornis,434,709.2418776,0.01865,7,25.49,23.96
06-Mar-09,2008,Oahu,NUNI20090306_16,Naso_unicornis,509,963.063557,0.02829,17,25.35,23.83
07-Mar-09,2008,Oahu,NUNI20090307_17,Naso_unicornis,365,607.0622016,0.0134,6,25.52,23.99
08-Mar-09,2008,Oahu,NUNI20090308_18,Naso_unicornis,460,599.8491128,0.01345,5,25.48,24.01
18-Mar-09,2008,Oahu,NUNI20090318_31,Naso_unicornis,412,566.5212162,0.01159,5,25.48,24.01
18-Mar-09,2008,Oahu,NUNI20090318_32,Naso_unicornis,402,526.8303427,0.01028,3,25.37,23.94
18-Mar-09,2008,Oahu,NUNI20090318_38,Naso_unicornis,335,554.1576416,0.0109,5,25.48,24.01
18-Mar-09,2008,Oahu,NUNI20090318_40,Naso_unicornis,416,566.3420339,0.01158,5,25.48,24.01
18-Mar-09,2008,Oahu,NUNI20090318_42,Naso_unicornis,436,596.4446502,0.01326,5,25.48,24.01
15-Apr-09,2008,Oahu,NUNI20090415_56,Naso_unicornis,330,520.3797821,0.00992,3,25.37,23.94
04-May-09,2008,Oahu,NUNI20090504_67,Naso_unicornis,479,815.2301798,0.02366,9,25.42,23.94
04-May-09,2008,Oahu,NUNI20090504_68,Naso_unicornis,424,583.676912,0.013,4,25.4,23.95
04-May-09,2008,Oahu,NUNI20090504_69,Naso_unicornis,392,610.420865,0.01404,5,25.48,24.01
04-May-09,2008,Oahu,NUNI20090504_70,Naso_unicornis,400,520.6047635,0.00948,4,25.4,23.95
04-May-09,2008,Oahu,NUNI20090504_71,Naso_unicornis,402,553.7534779,0.01133,4,25.4,23.95
04-May-09,2008,Oahu,NUNI20090504_72,Naso_unicornis,385,621.1717994,0.01464,5,25.48,24.01
04-May-09,2008,Oahu,NUNI20090504_74,Naso_unicornis,469,593.5319352,0.01355,4,25.4,23.95
04-May-09,2008,Oahu,NUNI20090504_75,Naso_unicornis,376,543.6734733,0.01122,3,25.37,23.94
04-May-09,2008,Oahu,NUNI20090504_76,Naso_unicornis,553,1390.242046,0.04851,25,25.34,23.85
04-May-09,2008,Oahu,NUNI20090504_77,Naso_unicornis,376,571.6717019,0.01233,4,25.4,23.95
04-May-09,2008,Oahu,NUNI20090504_79,Naso_unicornis,430,577.2263514,0.01264,4,25.4,23.95
04-May-09,2008,Oahu,NUNI20090504_80,Naso_unicornis,457,597.6531267,0.01378,4,25.4,23.95
16-Jun-09,2008,Oahu,NUNI20090616_93,Naso_unicornis,377,572.0758656,0.0119,5,25.48,24.01
17-Jun-09,2008,Oahu,NUNI20090617_81,Naso_unicornis,477,924.810156,0.02525,19,25.34,23.82
18-Jun-09,2008,Oahu,NUNI20090618_82,Naso_unicornis,515,999.1249864,0.02985,18,25.34,23.83
18-Jun-09,2008,Oahu,NUNI20090618_84,Naso_unicornis,472,1182.486261,0.0342,31,25.32,23.84
18-Jun-09,2008,Oahu,NUNI20090618_85,Naso_unicornis,443,770.3012368,0.0207,10,25.37,23.92
18-Jun-09,2008,Oahu,NUNI20090618_86,Naso_unicornis,522,594.01,NA,34,25.3,23.83
19-Jun-09,2008,Oahu,NUNI20090619_100,Naso_unicornis,520,634.555,NA,39,25.31,23.82
19-Jun-09,2008,Oahu,NUNI20090619_102,Naso_unicornis,489,634.881248,0.0145,7,25.49,23.96
19-Jun-09,2008,Oahu,NUNI20090619_103,Naso_unicornis,525,585.901,NA,33,25.32,23.84
19-Jun-09,2008,Oahu,NUNI20090619_104,Naso_unicornis,514,1199.462774,0.0356,30,25.33,23.84
19-Jun-09,2008,Oahu,NUNI20090619_107,Naso_unicornis,468,680.6185184,0.0166,8,25.46,23.98
19-Jun-09,2008,Oahu,NUNI20090619_108,Naso_unicornis,394,589.0523792,0.0133,4,25.4,23.95
19-Jun-09,2008,Oahu,NUNI20090619_109,Naso_unicornis,512,1358.934968,0.0445,30,25.33,23.84
19-Jun-09,2008,Oahu,NUNI20090619_110,Naso_unicornis,490,740.690368,0.0195,9,25.42,23.94
19-Jun-09,2008,Oahu,NUNI20090619_111,Naso_unicornis,428,758.7001904,0.0196,11,25.32,23.85
19-Jun-09,2008,Oahu,NUNI20090619_87,Naso_unicornis,436,1039.532589,0.0312,20,25.34,23.84
19-Jun-09,2008,Oahu,NUNI20090619_89,Naso_unicornis,497,746.9159472,0.0203,8,25.46,23.98
19-Jun-09,2008,Oahu,NUNI20090619_90,Naso_unicornis,392,606.1204912,0.0138,5,25.48,24.01
19-Jun-09,2008,Oahu,NUNI20090619_91,Naso_unicornis,413,587.2605568,0.0132,4,25.4,23.95
19-Jun-09,2008,Oahu,NUNI20090619_92,Naso_unicornis,498,610.228,NA,36,25.3,23.83
19-Jun-09,2008,Oahu,NUNI20090619_94,Naso_unicornis,505,953.616712,0.0255,22,25.35,23.86
19-Jun-09,2008,Oahu,NUNI20090619_95,Naso_unicornis,476,1018.03072,0.03,20,25.34,23.84
19-Jun-09,2008,Oahu,NUNI20090619_96,Naso_unicornis,513,1470.027957,0.0507,30,25.33,23.84
19-Jun-09,2008,Oahu,NUNI20090619_99,Naso_unicornis,451,900.4373568,0.0257,15,25.37,23.86
24-Jun-09,2008,Oahu,NUNI20090624_113,Naso_unicornis,315,600.745024,0.0135,5,25.48,24.01
24-Jun-09,2008,Oahu,NUNI20090624_114,Naso_unicornis,524,935.1488976,0.0299,10,25.37,23.92
24-Jun-09,2008,Oahu,NUNI20090624_115,Naso_unicornis,521,1139.299326,0.0336,27,25.32,23.85
24-Jun-09,2008,Oahu,NUNI20090624_116,Naso_unicornis,457,781.1437696,0.0204,12,25.35,23.88
24-Jun-09,2008,Oahu,NUNI20090624_117,Naso_unicornis,465,672.41792,0.0175,5,25.48,24.01
24-Jun-09,2008,Oahu,NUNI20090624_118,Naso_unicornis,358,586.4104448,0.0127,5,25.48,24.01
24-Jun-09,2008,Oahu,NUNI20090624_120,Naso_unicornis,378,559.5331088,0.0112,5,25.48,24.01
24-Jun-09,2008,Oahu,NUNI20090624_121,Naso_unicornis,551,618.337,NA,37,25.3,23.82
24-Jun-09,2008,Oahu,NUNI20090624_124,Naso_unicornis,471,784.635816,0.0215,10,25.37,23.92
24-Jun-09,2008,Oahu,NUNI20090624_125,Naso_unicornis,323,519.0797072,0.0103,2,25.4,23.93
24-Jun-09,2008,Oahu,NUNI20090624_130,Naso_unicornis,376,564.908576,0.0115,5,25.48,24.01
24-Jun-09,2008,Oahu,NUNI20090624_131,Naso_unicornis,340,501.2530816,0.0084,4,25.4,23.95
24-Jun-09,2008,Oahu,NUNI20090624_132,Naso_unicornis,372,518.2295952,0.0098,3,25.37,23.94
24-Jun-09,2008,Oahu,NUNI20090624_134,Naso_unicornis,362,537.0895296,0.0104,4,25.4,23.95
24-Jun-09,2008,Oahu,NUNI20090624_135,Naso_unicornis,359,558.5913984,0.0116,4,25.4,23.95
24-Jun-09,2008,Oahu,NUNI20090624_136,Naso_unicornis,363,653.649584,0.016,6,25.52,23.99
02-Apr-11,2010,Oahu,NUNI20110402_01,Naso_unicornis,411,549.6780856,0.01065,5,25.34,23.75
27-Apr-11,2010,Oahu,NUNI20110427_04,Naso_unicornis,432,618.7090472,0.01405,6,25.37,23.78
27-Apr-11,2010,Oahu,NUNI20110427_05,Naso_unicornis,435,572.9259776,0.0124,4,25.35,23.69
27-Apr-11,2010,Oahu,NUNI20110427_06,Naso_unicornis,461,634.7896496,0.0154,5,25.34,23.75
27-Apr-11,2010,Oahu,NUNI20110427_07,Naso_unicornis,478,685.9023872,0.0178,6,25.37,23.78
27-Apr-11,2010,Oahu,NUNI20110427_08,Naso_unicornis,488,706.5083448,0.01895,6,25.37,23.78
23-Jun-11,2010,Oahu,NUNI20110623_01,Naso_unicornis,375,579.2889544,0.01185,6,25.37,23.78
23-Jun-11,2010,Oahu,NUNI20110623_02,Naso_unicornis,378,543.360908,0.01075,4,25.35,23.69
23-Jun-11,2010,Oahu,NUNI20110623_03,Naso_unicornis,374,522.7091512,0.01005,3,25.33,23.6
23-Jun-11,2010,Oahu,NUNI20110623_04,Naso_unicornis,391,600.745024,0.0135,5,25.34,23.75
23-Jun-11,2010,Oahu,NUNI20110623_05,Naso_unicornis,407,575.6137112,0.01255,4,25.35,23.69
23-Jun-11,2010,Oahu,NUNI20110623_06,Naso_unicornis,450,788.1736616,0.02215,9,25.45,23.85
23-Jun-11,2010,Oahu,NUNI20110623_07,Naso_unicornis,439,589.0981784,0.01285,5,25.34,23.75
23-Jun-11,2010,Oahu,NUNI20110623_08,Naso_unicornis,479,707.5416536,0.01765,9,25.45,23.85
23-Jun-11,2010,Oahu,NUNI20110623_09,Naso_unicornis,475,702.2119856,0.0169,10,25.43,23.88
23-Jun-11,2010,Oahu,NUNI20110623_10,Naso_unicornis,532,1154.300821,0.0367,22,25.33,23.8
03-Jul-11,2010,Oahu,NUNI20110703_01,Naso_unicornis,406,625.072024,0.0135,8,25.46,23.86
03-Jul-11,2010,Oahu,NUNI20110703_02,Naso_unicornis,422,633.9395376,0.0149,6,25.37,23.78
03-Jul-11,2010,Oahu,NUNI20110703_03,Naso_unicornis,432,755.9208584,0.02035,9,25.45,23.85
03-Jul-11,2010,Oahu,NUNI20110703_04,Naso_unicornis,450,824.9060208,0.0242,9,25.45,23.85
03-Jul-11,2010,Oahu,NUNI20110703_05,Naso_unicornis,465,738.8985456,0.0194,9,25.45,23.85
06-Jul-11,2010,Oahu,NUNI20110706_03,Naso_unicornis,400,738.0484336,0.0189,10,25.43,23.88
06-Jul-11,2010,Oahu,NUNI20110706_04,Naso_unicornis,431,788.26526,0.02125,11,25.4,23.85
06-Jul-11,2010,Oahu,NUNI20110706_05,Naso_unicornis,427,723.5764568,0.01945,7,25.43,23.85
07-Jul-11,2010,Oahu,NUNI20110707_01,Naso_unicornis,357,556.8911744,0.0106,6,25.37,23.78
07-Jul-11,2010,Oahu,NUNI20110707_03,Naso_unicornis,425,638.4190936,0.01515,6,25.37,23.78
07-Jul-11,2010,Oahu,NUNI20110707_04,Naso_unicornis,377,576.5554216,0.01215,5,25.34,23.75
07-Jul-11,2010,Oahu,NUNI20110707_05,Naso_unicornis,359,539.731464,0.011,3,25.33,23.6
07-Jul-11,2010,Oahu,NUNI20110707_06,Naso_unicornis,395,1475.495022,0.0501,32,25.33,23.81
07-Jul-11,2010,Oahu,NUNI20110707_07,Naso_unicornis,513,1054.050365,0.0302,24,25.35,23.83
07-Jul-11,2010,Oahu,NUNI20110707_08,Naso_unicornis,403,654.6370936,0.01515,8,25.46,23.86
07-Jul-11,2010,Oahu,NUNI20110707_09,Naso_unicornis,463,730.6979472,0.0203,6,25.37,23.78
15-Jul-11,2010,Oahu,NUNI20110715_01,Naso_unicornis,408,646.5280936,0.01515,7,25.43,23.85
15-Jul-11,2010,Oahu,NUNI20110715_02,Naso_unicornis,464,641.1068272,0.0153,6,25.37,23.78
15-Jul-11,2010,Oahu,NUNI20110715_05,Naso_unicornis,491,1110.446971,0.0338,23,25.35,23.83
15-Jul-11,2010,Oahu,NUNI20110715_06,Naso_unicornis,370,602.5368464,0.0136,5,25.34,23.75
15-Jul-11,2010,Oahu,NUNI20110715_07,Naso_unicornis,368,557.649688,0.012,3,25.33,23.6
15-Jul-11,2010,Oahu,NUNI20110715_08,Naso_unicornis,376,573.7760896,0.0129,3,25.33,23.6
15-Jul-11,2010,Oahu,NUNI20110715_09,Naso_unicornis,424,635.6855608,0.01545,5,25.34,23.75
15-Jul-11,2010,Oahu,NUNI20110715_10,Naso_unicornis,488,691.2778544,0.0181,6,25.37,23.78
15-Jul-11,2010,Oahu,NUNI20110715_11,Naso_unicornis,502,764.9257696,0.0204,10,25.43,23.88
24-Jul-11,2010,Oahu,NUNI20110724_02,Naso_unicornis,382,512.8083288,0.00995,2,25.3,23.46
24-Jul-11,2010,Oahu,NUNI20110724_03,Naso_unicornis,473,568.4464216,0.01215,4,25.35,23.69
24-Jul-11,2010,Oahu,NUNI20110724_04,Naso_unicornis,520,799.0161944,0.02185,11,25.4,23.85
24-Jul-11,2010,Oahu,NUNI20110724_06,Naso_unicornis,493,677.7933872,0.0178,5,25.34,23.75
24-Jul-11,2010,Oahu,NUNI20110724_07,Naso_unicornis,472,567.5505104,0.0121,4,25.35,23.69
24-Jul-11,2010,Oahu,NUNI20110724_09,Naso_unicornis,490,655.3956072,0.01655,5,25.34,23.75
24-Jul-11,2010,Oahu,NUNI20110724_10,Naso_unicornis,521,861.8215768,0.02445,13,25.32,23.79
24-Jul-11,2010,Oahu,NUNI20110724_11,Naso_unicornis,534,1214.876462,0.03465,34,25.33,23.82
29-Jul-11,2010,Oahu,NUNI20110729_01,Naso_unicornis,406,622.2468928,0.0147,5,25.34,23.75
29-Jul-11,2010,Oahu,NUNI20110729_02,Naso_unicornis,421,700.3285648,0.0177,8,25.46,23.86
29-Jul-11,2010,Oahu,NUNI20110729_03,Naso_unicornis,533,1219.656539,0.0408,21,25.33,23.79
29-Jul-11,2010,Oahu,NUNI20110729_04,Naso_unicornis,469,737.060924,0.01975,8,25.46,23.86
29-Jul-11,2010,Oahu,NUNI20110729_05,Naso_unicornis,405,659.3456456,0.01315,13,25.32,23.79
29-Jul-11,2010,Oahu,NUNI20110729_06,Naso_unicornis,390,601.6409352,0.01355,5,25.34,23.75
29-Jul-11,2010,Oahu,NUNI20110729_07,Naso_unicornis,440,735.2233024,0.0201,7,25.43,23.85
29-Jul-11,2010,Oahu,NUNI20110729_08,Naso_unicornis,411,578.347244,0.01225,5,25.34,23.75
29-Jul-11,2010,Oahu,NUNI20110729_09,Naso_unicornis,446,603.4785568,0.0132,6,25.37,23.78
29-Jul-11,2010,Oahu,NUNI20110729_10,Naso_unicornis,462,676.9432752,0.0173,6,25.37,23.78
29-Jul-11,2010,Oahu,NUNI20110729_11,Naso_unicornis,447,878.8896888,0.02495,14,25.35,23.82
29-Jul-11,2010,Oahu,NUNI20110729_12,Naso_unicornis,397,619.6507576,0.01365,7,25.43,23.85
03-Aug-11,2010,Oahu,NUNI20110803_01,Naso_unicornis,411,623.142804,0.01475,5,25.34,23.75
03-Aug-11,2010,Oahu,NUNI20110803_02,Naso_unicornis,437,638.4648928,0.0147,7,25.43,23.85
03-Aug-11,2010,Oahu,NUNI20110803_03,Naso_unicornis,387,556.799576,0.0115,4,25.35,23.69
03-Aug-11,2010,Oahu,NUNI20110803_04,Naso_unicornis,487,1229.119442,0.03635,32,25.33,23.81
03-Aug-11,2010,Oahu,NUNI20110803_05,Naso_unicornis,368,625.8763368,0.01445,6,25.37,23.78
03-Aug-11,2010,Oahu,NUNI20110803_07,Naso_unicornis,468,685.0522752,0.0173,7,25.43,23.85
03-Aug-11,2010,Oahu,NUNI20110803_08,Naso_unicornis,441,698.67414,0.01625,11,25.4,23.85
03-Aug-11,2010,Oahu,NUNI20110803_10,Naso_unicornis,507,1303.96379,0.0446,23,25.35,23.83
19-Aug-11,2010,Oahu,NUNI20110819_01,Naso_unicornis,409,652.7078736,0.0164,5,25.34,23.75
19-Aug-11,2010,Oahu,NUNI20110819_02,Naso_unicornis,401,615.9755144,0.01435,5,25.34,23.75
19-Aug-11,2010,Oahu,NUNI20110819_03,Naso_unicornis,434,634.031136,0.014,8,25.46,23.86
19-Aug-11,2010,Oahu,NUNI20110819_04,Naso_unicornis,420,570.2840432,0.0118,5,25.34,23.75
19-Aug-11,2010,Oahu,NUNI20110819_05,Naso_unicornis,457,624.0387152,0.0148,5,25.34,23.75
23-Aug-11,2010,Oahu,NUNI20110823_01,Naso_unicornis,417,581.8850896,0.0129,4,25.35,23.69
23-Aug-11,2010,Oahu,NUNI20110823_02,Naso_unicornis,490,815.9011096,0.02415,8,25.46,23.86
23-Aug-11,2010,Oahu,NUNI20110823_03,Naso_unicornis,479,1032.548496,0.029,24,25.35,23.83
28-Aug-11,2010,Oahu,NUNI20110828_01,Naso_unicornis,382,562.1750432,0.0118,4,25.35,23.69
28-Aug-11,2010,Oahu,NUNI20110828_02,Naso_unicornis,402,564.908576,0.0115,5,25.34,23.75
28-Aug-11,2010,Oahu,NUNI20110828_03,Naso_unicornis,412,544.3026184,0.01035,5,25.34,23.75
31-Aug-11,2010,Oahu,NUNI20110831_01,Naso_unicornis,398,554.9619544,0.01185,3,25.33,23.6
31-Aug-11,2010,Oahu,NUNI20110831_02,Naso_unicornis,415,577.4513328,0.0122,5,25.34,23.75
31-Aug-11,2010,Oahu,NUNI20110831_03,Naso_unicornis,513,1177.640311,0.03755,23,25.35,23.83
31-Aug-11,2010,Oahu,NUNI20110831_05,Naso_unicornis,422,633.0894256,0.0144,7,25.43,23.85
31-Aug-11,2010,Oahu,NUNI20110831_08,Naso_unicornis,469,616.8714256,0.0144,5,25.34,23.75
31-Aug-11,2010,Oahu,NUNI20110831_09,Naso_unicornis,481,672.5095184,0.0166,7,25.43,23.85
31-Aug-11,2010,Oahu,NUNI20110831_10,Naso_unicornis,536,1307.109516,0.04025,33,25.32,23.82
11-Sep-11,2010,Oahu,NUNI20110911_02,Naso_unicornis,493,561.3249312,0.0113,5,25.34,23.75
11-Sep-11,2010,Oahu,NUNI20110911_03,Naso_unicornis,506,811.513152,0.023,10,25.43,23.88
11-Sep-11,2010,Oahu,NUNI20110911_04,Naso_unicornis,472,757.6210824,0.02135,7,25.43,23.85
11-Sep-11,2010,Oahu,NUNI20110911_05,Naso_unicornis,505,715.4674568,0.01945,6,25.37,23.78
11-Sep-11,2010,Oahu,NUNI20110911_06,Naso_unicornis,512,675.197252,0.01675,7,25.43,23.85
11-Sep-11,2010,Oahu,NUNI20110911_07,Naso_unicornis,501,799.0619936,0.0214,12,25.36,23.84
11-Sep-11,2010,Oahu,NUNI20110911_08,Naso_unicornis,486,612.4376688,0.0137,6,25.37,23.78
11-Sep-11,2010,Oahu,NUNI20110911_09,Naso_unicornis,505,698.4909432,0.01805,7,25.43,23.85
13-Sep-11,2010,Oahu,NUNI20110913_02,Naso_unicornis,397,658.2665376,0.0149,9,25.45,23.85
13-Sep-11,2010,Oahu,NUNI20110913_03,Naso_unicornis,375,571.1341552,0.0123,4,25.35,23.69
13-Sep-11,2010,Oahu,NUNI20110913_04,Naso_unicornis,394,550.5281976,0.01115,4,25.35,23.69
13-Sep-11,2010,Oahu,NUNI20110913_05,Naso_unicornis,400,607.1538,0.0125,8,25.46,23.86
20-Sep-11,2010,Oahu,NUNI20110920_01,Naso_unicornis,467,785.5317272,0.02155,10,25.43,23.88
20-Sep-11,2010,Oahu,NUNI20110920_02,Naso_unicornis,470,685.0522752,0.0173,7,25.43,23.85
20-Sep-11,2010,Oahu,NUNI20110920_03,Naso_unicornis,470,678.7808968,0.01695,7,25.43,23.85
20-Sep-11,2010,Oahu,NUNI20110920_04,Naso_unicornis,461,670.6718968,0.01695,6,25.37,23.78
20-Sep-11,2010,Oahu,NUNI20110920_05,Naso_unicornis,375,608.8998232,0.01305,7,25.43,23.85
20-Sep-11,2010,Oahu,NUNI20110920_06,Naso_unicornis,393,619.6049584,0.0141,6,25.37,23.78
20-Sep-11,2010,Oahu,NUNI20110920_07,Naso_unicornis,396,603.3869584,0.0141,4,25.35,23.69
20-Sep-11,2010,Oahu,NUNI20110920_08,Naso_unicornis,402,625.0262248,0.01395,7,25.43,23.85
20-Sep-11,2010,Oahu,NUNI20110920_09,Naso_unicornis,388,554.1118424,0.01135,4,25.35,23.69
20-Sep-11,2010,Oahu,NUNI20110920_10,Naso_unicornis,406,576.5096224,0.0126,4,25.35,23.69
30-Sep-11,2010,Oahu,NUNI20110930_01,Naso_unicornis,434,681.4686304,0.0171,7,25.43,23.85
30-Sep-11,2010,Oahu,NUNI20110930_02,Naso_unicornis,453,680.5727192,0.01705,7,25.43,23.85
30-Sep-11,2010,Oahu,NUNI20110930_03,Naso_unicornis,386,1062.296762,0.02885,28,25.32,23.82
30-Sep-11,2010,Oahu,NUNI20110930_04,Naso_unicornis,382,652.7078736,0.0164,5,25.34,23.75
30-Sep-11,2010,Oahu,NUNI20110930_06,Naso_unicornis,430,799.9579048,0.02145,12,25.36,23.84
30-Sep-11,2010,Oahu,NUNI20110930_07,Naso_unicornis,433,754.0832368,0.0207,8,25.46,23.86
19-Oct-11,2010,Oahu,NUNI20111019_02,Naso_unicornis,361,596.3112672,0.0128,6,25.37,23.78
19-Oct-11,2010,Oahu,NUNI20111019_03,Naso_unicornis,360,668.9716728,0.01595,8,25.46,23.86
19-Oct-11,2010,Oahu,NUNI20111019_05,Naso_unicornis,448,709.2876768,0.0182,8,25.46,23.86
19-Oct-11,2010,Oahu,NUNI20111019_06,Naso_unicornis,446,728.9977232,0.0193,8,25.46,23.86
19-Oct-11,2010,Oahu,NUNI20111019_07,Naso_unicornis,437,704.85392,0.0175,9,25.45,23.85
19-Oct-11,2010,Oahu,NUNI20111019_08,Naso_unicornis,455,928.1648048,0.0277,14,25.35,23.82
22-Oct-11,2010,Oahu,NUNI20111022_01,Naso_unicornis,404,546.0486416,0.0109,4,25.35,23.69
22-Oct-11,2010,Oahu,NUNI20111022_02,Naso_unicornis,387,604.4660664,0.01235,8,25.46,23.86
22-Oct-11,2010,Oahu,NUNI20111022_03,Naso_unicornis,370,599.8491128,0.01345,5,25.34,23.75
22-Oct-11,2010,Oahu,NUNI20111022_04,Naso_unicornis,382,637.5689816,0.01465,7,25.43,23.85
22-Oct-11,2010,Oahu,NUNI20111022_05,Naso_unicornis,479,1208.23869,0.0379,26,25.34,23.81
28-Oct-11,2010,Oahu,NUNI20111028_01,Naso_unicornis,450,602.5368464,0.0136,5,25.34,23.75
28-Oct-11,2010,Oahu,NUNI20111028_02,Naso_unicornis,461,657.2332288,0.0162,6,25.37,23.78
28-Oct-11,2010,Oahu,NUNI20111028_03,Naso_unicornis,449,589.0981784,0.01285,5,25.34,23.75
28-Oct-11,2010,Oahu,NUNI20111028_04,Naso_unicornis,497,652.799472,0.0155,7,25.43,23.85
28-Oct-11,2010,Oahu,NUNI20111028_05,Naso_unicornis,460,601.6867344,0.0131,6,25.37,23.78
28-Oct-11,2010,Oahu,NUNI20111028_06,Naso_unicornis,422,610.6458464,0.0136,6,25.37,23.78
28-Oct-11,2010,Oahu,NUNI20111028_07,Naso_unicornis,485,665.2964296,0.01665,6,25.37,23.78
28-Oct-11,2010,Oahu,NUNI20111028_08,Naso_unicornis,513,824.101708,0.02325,11,25.4,23.85
28-Oct-11,2010,Oahu,NUNI20111028_09,Naso_unicornis,456,626.7264488,0.01495,5,25.34,23.75
28-Oct-11,2010,Oahu,NUNI20111028_10,Naso_unicornis,460,638.4190936,0.01515,6,25.37,23.78
04-Nov-11,2010,Oahu,NUNI20111104_02,Naso_unicornis,392,641.1068272,0.0153,6,25.37,23.78
04-Nov-11,2010,Oahu,NUNI20111104_03,Naso_unicornis,411,1025.060612,0.03175,17,25.36,23.82
04-Nov-11,2010,Oahu,NUNI20111104_04,Naso_unicornis,394,670.717696,0.0165,7,25.43,23.85
04-Nov-11,2010,Oahu,NUNI20111104_05,Naso_unicornis,458,932.7817584,0.0266,17,25.36,23.82
08-Nov-11,2010,Oahu,NUNI20111108_02,Naso_unicornis,421,1027.885743,0.03055,20,25.34,23.79
08-Nov-11,2010,Oahu,NUNI20111108_03,Naso_unicornis,413,944.1538088,0.02995,11,25.4,23.85
16-Nov-11,2010,Oahu,NUNI20111116_01,Naso_unicornis,524,853.13726,0.02125,19,25.35,23.79
16-Nov-11,2010,Oahu,NUNI20111116_02,Naso_unicornis,508,1052.212743,0.03055,23,25.35,23.83
16-Nov-11,2010,Oahu,NUNI20111116_03,Naso_unicornis,479,630.3558928,0.0147,6,25.37,23.78
16-Nov-11,2010,Oahu,NUNI20111116_04,Naso_unicornis,510,711.9754104,0.01835,8,25.46,23.86
16-Nov-11,2010,Oahu,NUNI20111116_05,Naso_unicornis,499,686.8440976,0.0174,7,25.43,23.85
02-Dec-11,2010,Oahu,NUNI20111202_01,Naso_unicornis,407,608.854024,0.0135,6,25.37,23.78
02-Dec-11,2010,Oahu,NUNI20111202_02,Naso_unicornis,396,538.03124,0.01,5,25.34,23.75
02-Dec-11,2010,Oahu,NUNI20111202_03,Naso_unicornis,471,815.1883952,0.0223,12,25.36,23.84
02-Dec-11,2010,Oahu,NUNI20111202_04,Naso_unicornis,459,656.3831168,0.0157,7,25.43,23.85
06-Dec-11,2010,Oahu,NUNI20111206_01,Naso_unicornis,363,572.9717768,0.01195,5,25.34,23.75
06-Dec-11,2010,Oahu,NUNI20111206_02,Naso_unicornis,386,594.4736456,0.01315,5,25.34,23.75
06-Dec-11,2010,Oahu,NUNI20111206_03,Naso_unicornis,412,651.8577616,0.0159,6,25.37,23.78
06-Dec-11,2010,Oahu,NUNI20111206_04,Naso_unicornis,428,849.27882,0.02375,13,25.32,23.79
08-Dec-11,2010,Oahu,NUNI20111208_01,Naso_unicornis,383,552.2742208,0.0117,3,25.33,23.6
08-Dec-11,2010,Oahu,NUNI20111208_02,Naso_unicornis,360,506.5827496,0.00915,3,25.33,23.6
08-Dec-11,2010,Oahu,NUNI20111208_03,Naso_unicornis,367,528.1304176,0.0099,4,25.35,23.69
08-Dec-11,2010,Oahu,NUNI20111208_04,Naso_unicornis,389,537.0437304,0.01085,3,25.33,23.6
08-Dec-11,2010,Oahu,NUNI20111208_05,Naso_unicornis,388,545.1527304,0.01085,4,25.35,23.69
08-Dec-11,2010,Oahu,NUNI20111208_06,Naso_unicornis,386,555.8578656,0.0119,3,25.33,23.6
16-Dec-11,2010,Oahu,NUNI20111216_01,Naso_unicornis,437,629.5057808,0.0142,7,25.43,23.85
16-Dec-11,2010,Oahu,NUNI20111216_02,Naso_unicornis,435,664.4005184,0.0166,6,25.37,23.78
16-Dec-11,2010,Oahu,NUNI20111216_03,Naso_unicornis,456,653.6953832,0.01555,7,25.43,23.85
16-Dec-11,2010,Oahu,NUNI20111216_04,Naso_unicornis,465,647.5156032,0.0143,9,25.45,23.85
16-Dec-11,2010,Oahu,NUNI20111216_05,Naso_unicornis,465,1009.163206,0.0286,22,25.33,23.8
16-Dec-11,2010,Oahu,NUNI20111216_06,Naso_unicornis,397,589.9940896,0.0129,5,25.34,23.75
16-Dec-11,2010,Oahu,NUNI20111216_07,Naso_unicornis,390,587.306356,0.01275,5,25.34,23.75
20-Dec-11,2010,Oahu,NUNI20111220_01,Naso_unicornis,413,624.1761128,0.01345,8,25.46,23.86
20-Dec-11,2010,Oahu,NUNI20111220_02,Naso_unicornis,448,786.3818392,0.02205,9,25.45,23.85
20-Dec-11,2010,Oahu,NUNI20111220_03,Naso_unicornis,431,654.6370936,0.01515,8,25.46,23.86
20-Dec-11,2010,Oahu,NUNI20111220_05,Naso_unicornis,440,651.94936,0.015,8,25.46,23.86
28-Dec-11,2010,Oahu,NUNI20111228_01,Naso_unicornis,452,598.9532016,0.0134,5,25.34,23.75
28-Dec-11,2010,Oahu,NUNI20111228_02,Naso_unicornis,498,689.6234296,0.01665,9,25.45,23.85
28-Dec-11,2010,Oahu,NUNI20111228_03,Naso_unicornis,474,659.0708504,0.01585,7,25.43,23.85
28-Dec-11,2010,Oahu,NUNI20111228_04,Naso_unicornis,485,674.3013408,0.0167,7,25.43,23.85
28-Dec-11,2010,Oahu,NUNI20111228_05,Naso_unicornis,497,685.0522752,0.0173,7,25.43,23.85
11-Jan-12,2010,Oahu,NUNI20120111_01,Naso_unicornis,477,633.0436264,0.01485,6,25.37,23.78
11-Jan-12,2010,Oahu,NUNI20120111_02,Naso_unicornis,500,1011.713542,0.0301,19,25.35,23.79
11-Jan-12,2010,Oahu,NUNI20120111_03,Naso_unicornis,518,1183.153176,0.0365,26,25.34,23.81
11-Jan-12,2010,Oahu,NUNI20120111_04,Naso_unicornis,459,615.9755144,0.01435,5,25.34,23.75
19-Jan-12,2010,Oahu,NUNI20120119_01,Naso_unicornis,438,692.2195648,0.0177,7,25.43,23.85
19-Jan-12,2010,Oahu,NUNI20120119_02,Naso_unicornis,410,636.5356728,0.01595,4,25.35,23.69
19-Jan-12,2010,Oahu,NUNI20120119_03,Naso_unicornis,484,858.1921328,0.0247,12,25.36,23.84
19-Jan-12,2010,Oahu,NUNI20120119_04,Naso_unicornis,469,669.7759856,0.0169,6,25.37,23.78
19-Jan-12,2010,Oahu,NUNI20120119_05,Naso_unicornis,445,657.3248272,0.0153,8,25.46,23.86
19-Jan-12,2010,Oahu,NUNI20120119_06,Naso_unicornis,445,706.554144,0.0185,7,25.43,23.85
19-Jan-12,2010,Oahu,NUNI20120119_07,Naso_unicornis,465,702.9704992,0.0183,7,25.43,23.85
19-Jan-12,2010,Oahu,NUNI20120119_08,Naso_unicornis,453,761.2505264,0.0211,8,25.46,23.86
19-Jan-12,2010,Oahu,NUNI20120119_09,Naso_unicornis,515,853.7125768,0.02445,12,25.36,23.84
19-Jan-12,2010,Oahu,NUNI20120119_10,Naso_unicornis,465,909.5338664,0.02485,18,25.35,23.8
19-Jan-12,2010,Oahu,NUNI20120119_11,Naso_unicornis,407,550.4823984,0.0116,3,25.33,23.6
25-Jan-12,2010,Oahu,NUNI20120125_01,Naso_unicornis,394,552.3658192,0.0108,5,25.34,23.75
25-Jan-12,2010,Oahu,NUNI20120125_02,Naso_unicornis,453,642.9444488,0.01495,7,25.43,23.85
25-Jan-12,2010,Oahu,NUNI20120125_03,Naso_unicornis,441,669.867584,0.016,8,25.46,23.86
25-Jan-12,2010,Oahu,NUNI20120125_04,Naso_unicornis,485,673.3596304,0.0171,6,25.37,23.78
26-Jan-12,2010,Oahu,NUNI20120126_01,Naso_unicornis,434,654.5912944,0.0156,7,25.43,23.85
26-Jan-12,2010,Oahu,NUNI20120126_02,Naso_unicornis,456,682.3645416,0.01715,7,25.43,23.85
26-Jan-12,2010,Oahu,NUNI20120126_03,Naso_unicornis,440,959.175376,0.024,26,25.34,23.81
26-Jan-12,2010,Oahu,NUNI20120126_04,Naso_unicornis,466,728.0560128,0.0197,7,25.43,23.85
26-Jan-12,2010,Oahu,NUNI20120126_05,Naso_unicornis,459,812.5006616,0.02215,12,25.36,23.84
26-Jan-12,2010,Oahu,NUNI20120126_06,Naso_unicornis,470,862.717488,0.0245,13,25.32,23.79
26-Jan-12,2010,Oahu,NUNI20120126_07,Naso_unicornis,475,1022.026558,0.02615,29,25.32,23.82
26-Jan-12,2010,Oahu,NUNI20120126_08,Naso_unicornis,471,801.6581288,0.02245,10,25.43,23.88
26-Jan-12,2010,Oahu,NUNI20120126_09,Naso_unicornis,492,694.9988968,0.01695,9,25.45,23.85
03-Feb-12,2010,Oahu,NUNI20120203_01,Naso_unicornis,461,606.074692,0.01425,4,25.35,23.83
03-Feb-12,2010,Oahu,NUNI20120203_02,Naso_unicornis,474,614.183692,0.01425,5,25.36,23.86
03-Feb-12,2010,Oahu,NUNI20120203_04,Naso_unicornis,488,675.1514528,0.0172,6,25.36,23.88
03-Feb-12,2010,Oahu,NUNI20120203_05,Naso_unicornis,568,1267.460427,0.0403,28,25.34,23.85
14-Feb-12,2010,Oahu,NUNI20120214_01,Naso_unicornis,380,537.9396416,0.0109,3,25.34,23.82
14-Feb-12,2010,Oahu,NUNI20120214_02,Naso_unicornis,398,554.1118424,0.01135,4,25.35,23.83
14-Feb-12,2010,Oahu,NUNI20120214_03,Naso_unicornis,400,542.4649968,0.0107,4,25.35,23.83
14-Feb-12,2010,Oahu,NUNI20120214_04,Naso_unicornis,441,613.33358,0.01375,6,25.36,23.88
14-Feb-12,2010,Oahu,NUNI20120214_05,Naso_unicornis,374,520.9173288,0.00995,3,25.34,23.82
14-Feb-12,2010,Oahu,NUNI20120214_06,Naso_unicornis,415,554.0660432,0.0118,3,25.34,23.82
14-Feb-12,2010,Oahu,NUNI20120214_07,Naso_unicornis,365,511.0623056,0.0094,3,25.34,23.82
14-Feb-12,2010,Oahu,NUNI20120214_08,Naso_unicornis,404,547.7946648,0.01145,3,25.34,23.82
14-Feb-12,2010,Oahu,NUNI20120214_09,Naso_unicornis,395,589.9482904,0.01335,4,25.35,23.83
14-Feb-12,2010,Oahu,NUNI20120214_10,Naso_unicornis,404,552.32002,0.01125,4,25.35,23.83
18-Mar-12,2011,Oahu,NUNI20120318_01,Naso_unicornis,465,630.3558928,0.0147,6,25.36,23.88
18-Mar-12,2011,Oahu,NUNI20120318_02,Naso_unicornis,480,696.6991208,0.01795,7,25.38,23.89
18-Mar-12,2011,Oahu,NUNI20120318_03,Naso_unicornis,456,637.5689816,0.01465,7,25.38,23.89
18-Mar-12,2011,Oahu,NUNI20120318_04,Naso_unicornis,443,602.5826456,0.01315,6,25.36,23.88
18-Mar-12,2011,Oahu,NUNI20120318_05,Naso_unicornis,460,651.9035608,0.01545,7,25.38,23.89
18-Mar-12,2011,Oahu,NUNI20120318_06,Naso_unicornis,465,644.7820704,0.0146,8,25.43,23.94
18-Mar-12,2011,Oahu,NUNI20120318_07,Naso_unicornis,456,626.772248,0.0145,6,25.36,23.88
18-Mar-12,2011,Oahu,NUNI20120318_08,Naso_unicornis,470,621.3967808,0.0142,6,25.36,23.88
18-Mar-12,2011,Oahu,NUNI20120318_09,Naso_unicornis,488,657.279028,0.01575,7,25.38,23.89
18-Mar-12,2011,Oahu,NUNI20120318_10,Naso_unicornis,448,601.7783328,0.0122,8,25.43,23.94
21-Mar-12,2011,Oahu,NUNI20120321_01,Naso_unicornis,425,791.9863024,0.0201,14,25.33,23.84
21-Mar-12,2011,Oahu,NUNI20120321_02,Naso_unicornis,443,1063.905388,0.03075,24,25.35,23.86
21-Mar-12,2011,Oahu,NUNI20120321_03,Naso_unicornis,452,712.8255224,0.01885,7,25.38,23.89
21-Mar-12,2011,Oahu,NUNI20120321_04,Naso_unicornis,452,739.840256,0.019,10,25.45,23.92
21-Mar-12,2011,Oahu,NUNI20120321_05,Naso_unicornis,473,777.605924,0.01975,13,25.36,23.9
13-Apr-12,2011,Oahu,NUNI20120413_01,Naso_unicornis,405,550.4823984,0.0116,3,25.34,23.82
13-Apr-12,2011,Oahu,NUNI20120413_02,Naso_unicornis,479,610.6000472,0.01405,5,25.36,23.86
13-Apr-12,2011,Oahu,NUNI20120413_03,Naso_unicornis,567,974.935384,0.0285,18,,
13-Apr-12,2011,Oahu,NUNI20120413_04,Naso_unicornis,481,736.210812,0.01925,9,25.46,23.93
13-Apr-12,2011,Oahu,NUNI20120413_05,Naso_unicornis,455,633.8937384,0.01535,5,25.36,23.86
13-Apr-12,2011,Oahu,NUNI20120413_06,Naso_unicornis,491,660.908472,0.0155,8,25.43,23.94
13-Apr-12,2011,Oahu,NUNI20120413_07,Naso_unicornis,473,689.486032,0.018,6,25.36,23.88
13-Apr-12,2011,Oahu,NUNI20120413_08,Naso_unicornis,436,624.9804256,0.0144,6,25.36,23.88
13-Apr-12,2011,Oahu,NUNI20120413_09,Naso_unicornis,452,619.6049584,0.0141,6,25.36,23.88
13-Apr-12,2011,Oahu,NUNI20120413_10,Naso_unicornis,464,647.3324064,0.0161,5,25.36,23.86
27-Apr-12,2011,Oahu,NUNI20120427_01,Naso_unicornis,407,580.0932672,0.0128,4,25.35,23.83
27-Apr-12,2011,Oahu,NUNI20120427_02,Naso_unicornis,398,564.8169776,0.0124,3,25.34,23.82
27-Apr-12,2011,Oahu,NUNI20120427_03,Naso_unicornis,453,726.2183912,0.02005,6,25.36,23.88
27-Apr-12,2011,Oahu,NUNI20120427_04,Naso_unicornis,414,527.1887072,0.0103,3,25.34,23.82
29-Apr-12,2011,Oahu,NUNI20120429_01,Naso_unicornis,417,599.7575144,0.01435,3,25.34,23.82
29-Apr-12,2011,Oahu,NUNI20120429_02,Naso_unicornis,451,599.8491128,0.01345,5,25.36,23.86
29-Apr-12,2011,Oahu,NUNI20120429_03,Naso_unicornis,410,512.854128,0.0095,3,25.34,23.82
29-Apr-12,2011,Oahu,NUNI20120429_04,Naso_unicornis,420,608.854024,0.0135,6,25.36,23.88
29-Apr-12,2011,Oahu,NUNI20120429_05,Naso_unicornis,408,544.2568192,0.0108,4,25.35,23.83
29-Apr-12,2011,Oahu,NUNI20120429_06,Naso_unicornis,474,587.306356,0.01275,5,25.36,23.86
29-Apr-12,2011,Oahu,NUNI20120429_07,Naso_unicornis,432,640.1651168,0.0157,5,25.36,23.86
29-Apr-12,2011,Oahu,NUNI20120429_08,Naso_unicornis,477,659.9667616,0.0159,7,25.38,23.89
29-Apr-12,2011,Oahu,NUNI20120429_09,Naso_unicornis,475,765.6842832,0.0218,7,25.38,23.89
29-Apr-12,2011,Oahu,NUNI20120429_10,Naso_unicornis,398,523.6050624,0.0101,3,25.34,23.82
29-Apr-12,2011,Oahu,NUNI20120429_11,Naso_unicornis,471,581.0349776,0.0124,5,25.36,23.86
29-Apr-12,2011,Oahu,NUNI20120429_12,Naso_unicornis,479,657.2332288,0.0162,6,25.36,23.88
29-Apr-12,2011,Oahu,NUNI20120429_13,Naso_unicornis,482,625.8763368,0.01445,6,25.36,23.88
11-May-12,2011,Oahu,NUNI20120511_01,Naso_unicornis,426,594.4278464,0.0136,4,25.35,23.83
11-May-12,2011,Oahu,NUNI20120511_02,Naso_unicornis,507,1278.969875,0.0423,25,25.35,23.86
11-May-12,2011,Oahu,NUNI20120511_04,Naso_unicornis,482,828.6728624,0.0226,13,25.36,23.9
11-May-12,2011,Oahu,NUNI20120511_05,Naso_unicornis,487,891.4324456,0.02565,14,25.33,23.84
11-May-12,2011,Oahu,NUNI20120511_06,Naso_unicornis,414,568.4922208,0.0117,5,25.36,23.86
11-May-12,2011,Oahu,NUNI20120511_07,Naso_unicornis,481,720.9345224,0.01885,8,25.43,23.94
11-May-12,2011,Oahu,NUNI20120511_08,Naso_unicornis,498,812.4090632,0.02305,10,25.45,23.92
11-May-12,2011,Oahu,NUNI20120511_11,Naso_unicornis,434,679.7226072,0.01655,8,25.43,23.94
11-May-12,2011,Oahu,NUNI20120511_12,Naso_unicornis,459,652.7536728,0.01595,6,25.36,23.88
11-May-12,2011,Oahu,NUNI20120511_13,Naso_unicornis,518,892.14516,0.0275,10,25.45,23.92
11-May-12,2011,Oahu,NUNI20120511_14,Naso_unicornis,465,944.3370056,0.02815,15,25.35,23.87
11-May-12,2011,Oahu,NUNI20120511_15,Naso_unicornis,492,1251.242427,0.0403,26,25.36,23.85
11-May-12,2011,Oahu,NUNI20120511_17,Naso_unicornis,465,620.5008696,0.01415,6,25.36,23.88
11-May-12,2011,Oahu,NUNI20120511_18,Naso_unicornis,461,954.3752256,0.0269,19,25.35,23.83
11-May-12,2011,Oahu,NUNI20120511_19,Naso_unicornis,487,1372.419435,0.0448,31,25.33,23.86
11-May-12,2011,Oahu,NUNI20120511_20,Naso_unicornis,399,538.9271512,0.01005,5,25.36,23.86
11-May-12,2011,Oahu,NUNI20120511_21,Naso_unicornis,485,1334.791165,0.0427,31,25.33,23.86
11-May-12,2011,Oahu,NUNI20120511_22,Naso_unicornis,485,1046.60828,0.0325,18,25.36,23.86
11-May-12,2011,Oahu,NUNI20120511_23,Naso_unicornis,481,654.5912944,0.0156,7,25.38,23.89
11-May-12,2011,Oahu,NUNI20120511_24,Naso_unicornis,467,812.4548624,0.0226,11,25.43,23.94
11-May-12,2011,Oahu,NUNI20120511_25,Naso_unicornis,440,833.0150208,0.0242,10,25.45,23.92
11-May-12,2011,Oahu,NUNI20120511_26,Naso_unicornis,466,852.8624648,0.02395,13,25.36,23.9
11-May-12,2011,Oahu,NUNI20120511_28,Naso_unicornis,479,835.7027544,0.02435,10,25.45,23.92
11-May-12,2011,Oahu,NUNI20120511_29,Naso_unicornis,499,1335.870273,0.04095,35,25.33,23.84
11-May-12,2011,Oahu,NUNI20120511_30,Naso_unicornis,471,831.3147968,0.0232,12,25.4,23.91
11-May-12,2011,Oahu,NUNI20120511_31,Naso_unicornis,448,829.6145728,0.0222,14,25.33,23.84
11-May-12,2011,Oahu,NUNI20120511_32,Naso_unicornis,507,891.5698432,0.0243,17,25.38,23.87
15-May-12,2011,Oahu,NUNI20120515_01,Naso_unicornis,478,1084.648743,0.03055,27,25.34,23.84
15-May-12,2011,Oahu,NUNI20120515_02,Naso_unicornis,483,930.8525384,0.02785,14,25.33,23.84
15-May-12,2011,Oahu,NUNI20120515_03,Naso_unicornis,427,800.003704,0.021,13,25.36,23.9
15-May-12,2011,Oahu,NUNI20120515_04,Naso_unicornis,509,1407.588968,0.0445,36,25.32,23.83
15-May-12,2011,Oahu,NUNI20120515_05,Naso_unicornis,512,1106.771728,0.0345,21,25.34,23.83
23-May-12,2011,Oahu,NUNI20120523_01,Naso_unicornis,410,625.922136,0.014,7,25.38,23.89
23-May-12,2011,Oahu,NUNI20120523_02,Naso_unicornis,407,670.717696,0.0165,7,25.38,23.89
23-May-12,2011,Oahu,NUNI20120523_03,Naso_unicornis,397,600.745024,0.0135,5,25.36,23.86
23-May-12,2011,Oahu,NUNI20120523_04,Naso_unicornis,450,754.129036,0.02025,9,25.46,23.93
23-May-12,2011,Oahu,NUNI20120523_05,Naso_unicornis,422,1028.160538,0.02785,26,25.36,23.85
23-May-12,2011,Oahu,NUNI20120523_06,Naso_unicornis,397,611.5417576,0.01365,6,25.36,23.88
23-May-12,2011,Oahu,NUNI20120523_07,Naso_unicornis,387,679.676808,0.017,7,25.38,23.89
23-May-12,2011,Oahu,NUNI20120523_08,Naso_unicornis,444,624.1303136,0.0139,7,25.38,23.89
23-May-12,2011,Oahu,NUNI20120523_09,Naso_unicornis,448,621.44258,0.01375,7,25.38,23.89
23-May-12,2011,Oahu,NUNI20120523_10,Naso_unicornis,473,1084.190751,0.03505,17,25.38,23.87
23-May-12,2011,Oahu,NUNI20120523_11,Naso_unicornis,451,673.3596304,0.0171,6,25.36,23.88
23-May-12,2011,Oahu,NUNI20120523_12,Naso_unicornis,439,761.8001168,0.0157,20,25.35,23.83
23-May-12,2011,Oahu,NUNI20120523_13,Naso_unicornis,472,720.0844104,0.01835,9,25.46,23.93
23-May-12,2011,Oahu,NUNI20120523_14,Naso_unicornis,453,950.1961912,0.03255,6,25.36,23.88
23-May-12,2011,Oahu,NUNI20120523_16,Naso_unicornis,509,1099.558639,0.03455,20,25.35,23.83
23-May-12,2011,Oahu,NUNI20120523_17,Naso_unicornis,497,1175.089975,0.03605,26,25.36,23.85
23-May-12,2011,Oahu,NUNI20120523_18,Naso_unicornis,501,1305.271894,0.0406,32,25.33,23.86
23-May-12,2011,Oahu,NUNI20120523_20,Naso_unicornis,499,1114.239539,0.0408,8,25.43,23.94
03-Jun-12,2011,Oahu,NUNI20120603_01,Naso_unicornis,347,543.3151088,0.0112,3,25.34,23.82
03-Jun-12,2011,Oahu,NUNI20120603_02,Naso_unicornis,432,591.8317112,0.01255,6,25.36,23.88
12-Jun-12,2011,Oahu,NUNI20120612_01,Naso_unicornis,425,754.1748352,0.0198,10,25.45,23.92
12-Jun-12,2011,Oahu,NUNI20120612_02,Naso_unicornis,383,837.6520472,0.01405,33,25.33,23.84
12-Jun-12,2011,Oahu,NUNI20120612_03,Naso_unicornis,520,1296.633377,0.03695,39,25.31,23.83
12-Jun-12,2011,Oahu,NUNI20120612_04,Naso_unicornis,482,821.5055728,0.0222,13,25.36,23.9
12-Jun-12,2011,Oahu,NUNI20120612_05,Naso_unicornis,495,1202.01311,0.0371,27,25.34,23.84
12-Jun-12,2011,Oahu,NUNI20120612_06,Naso_unicornis,498,949.6666736,0.0289,14,25.33,23.84
12-Jun-12,2011,Oahu,NUNI20120612_07,Naso_unicornis,389,633.9395376,0.0149,6,25.36,23.88
12-Jun-12,2011,Oahu,NUNI20120612_08,Naso_unicornis,476,944.2912064,0.0286,14,25.33,23.84
12-Jun-12,2011,Oahu,NUNI20120612_09,Naso_unicornis,521,883.3234456,0.02565,13,25.36,23.9
12-Jun-12,2011,Oahu,NUNI20120612_10,Naso_unicornis,473,755.0249472,0.0203,9,25.46,23.93
12-Jun-12,2011,Oahu,NUNI20120612_11,Naso_unicornis,497,1168.818597,0.0357,26,25.36,23.85
12-Jun-12,2011,Oahu,NUNI20120612_12,Naso_unicornis,472,836.5986656,0.0244,10,25.45,23.92
12-Jun-12,2011,Oahu,NUNI20120612_13,Naso_unicornis,483,893.1784688,0.0262,13,25.36,23.9
12-Jun-12,2011,Oahu,NUNI20120612_14,Naso_unicornis,472,990.1200752,0.0298,17,25.38,23.87
12-Jun-12,2011,Oahu,NUNI20120612_15,Naso_unicornis,415,627.7597576,0.01365,8,25.43,23.94
12-Jun-12,2011,Oahu,NUNI20120612_17,Naso_unicornis,447,1216.530886,0.0361,31,25.33,23.86
12-Jun-12,2011,Oahu,NUNI20120612_18,Naso_unicornis,408,622.3842904,0.01335,8,25.43,23.94
12-Jun-12,2011,Oahu,NUNI20120612_19,Naso_unicornis,506,1167.922686,0.03565,26,25.36,23.85
12-Jun-12,2011,Oahu,NUNI20120612_20,Naso_unicornis,498,815.2799936,0.0214,14,25.33,23.84
12-Jun-12,2011,Oahu,NUNI20120612_21,Naso_unicornis,427,669.7759856,0.0169,6,25.36,23.88
12-Jun-12,2011,Oahu,NUNI20120612_22,Naso_unicornis,415,624.1303136,0.0139,7,25.38,23.89
12-Jun-12,2011,Oahu,NUNI20120612_23,Naso_unicornis,426,738.0026344,0.01935,9,25.46,23.93
12-Jun-12,2011,Oahu,NUNI20120612_24,Naso_unicornis,461,876.2935536,0.0239,16,25.38,23.89
12-Jun-12,2011,Oahu,NUNI20120612_25,Naso_unicornis,449,932.7817584,0.0266,17,25.38,23.87
12-Jun-12,2011,Oahu,NUNI20120612_26,Naso_unicornis,380,660.05836,0.015,9,25.46,23.93
12-Jun-12,2011,Oahu,NUNI20120612_27,Naso_unicornis,430,1084.419747,0.0328,22,25.34,23.82
22-Jun-12,2011,Oahu,NUNI20120622_01,Naso_unicornis,468,755.1165456,0.0194,11,25.43,23.94
22-Jun-12,2011,Oahu,NUNI20120622_02,Naso_unicornis,355,562.2666416,0.0109,6,25.36,23.88
22-Jun-12,2011,Oahu,NUNI20120622_03,Naso_unicornis,408,705.7956304,0.0171,10,25.45,23.92
22-Jun-12,2011,Oahu,NUNI20120622_04,Naso_unicornis,487,1019.247226,0.0269,27,25.34,23.84
22-Jun-12,2011,Oahu,NUNI20120622_05,Naso_unicornis,526,872.6641096,0.02415,15,25.35,23.87
22-Jun-12,2011,Oahu,NUNI20120622_06,Naso_unicornis,363,1137.507504,0.0335,27,25.34,23.84
22-Jun-12,2011,Oahu,NUNI20120622_07,Naso_unicornis,399,642.0485376,0.0149,7,25.38,23.89
22-Jun-12,2011,Oahu,NUNI20120622_08,Naso_unicornis,495,1092.482948,0.03325,22,25.34,23.82
22-Jun-12,2011,Oahu,NUNI20120622_09,Naso_unicornis,411,677.0348736,0.0164,8,25.43,23.94
22-Jun-12,2011,Oahu,NUNI20120622_10,Naso_unicornis,498,1133.694863,0.03555,22,25.34,23.82
22-Jun-12,2011,Oahu,NUNI20120622_12,Naso_unicornis,360,522.7549504,0.0096,4,25.35,23.83
22-Jun-12,2011,Oahu,NUNI20120622_13,Naso_unicornis,363,642.0485376,0.0149,7,25.38,23.89
22-Jun-12,2011,Oahu,NUNI20120622_14,Naso_unicornis,475,697.595032,0.018,7,25.38,23.89
03-Jul-12,2011,Oahu,NUNI20120703_01,Naso_unicornis,378,606.074692,0.01425,4,25.35,23.83
03-Jul-12,2011,Oahu,NUNI20120703_02,Naso_unicornis,490,816.84282,0.02375,9,25.46,23.93
03-Jul-12,2011,Oahu,NUNI20120703_03,Naso_unicornis,454,806.0918856,0.02315,9,25.46,23.93
03-Jul-12,2011,Oahu,NUNI20120703_04,Naso_unicornis,418,632.1477152,0.0148,6,25.36,23.88
03-Jul-12,2011,Oahu,NUNI20120703_05,Naso_unicornis,424,614.2752904,0.01335,7,25.38,23.89
03-Jul-12,2011,Oahu,NUNI20120703_06,Naso_unicornis,430,738.8985456,0.0194,9,25.46,23.93
03-Jul-12,2011,Oahu,NUNI20120703_08,Naso_unicornis,425,718.3383872,0.0178,10,25.45,23.92
03-Jul-12,2011,Oahu,NUNI20120703_09,Naso_unicornis,462,728.101812,0.01925,8,25.43,23.94
03-Jul-12,2011,Oahu,NUNI20120703_10,Naso_unicornis,435,659.0250512,0.0163,6,25.36,23.88
