date,region,id,species,length,sex,oto_rad,oto_wt,age,SSTmean,SSTlo
02-09-16,Rowley,TRIP6550_3,Lutjanus_ bohar,410,NA,1017.3,0.09323,6,28.137,25.535225
02-09-16,Rowley,TRIP6550_9,Lutjanus_ bohar,255,NA,768.454,0.04004,3,28.258,25.656225
02-09-16,Rowley,TRIP6550_13,Lutjanus_ bohar,645,NA,1664.887,0.28541,21,27.965,25.363225
02-09-16,Rowley,TRIP6550_14,Lutjanus_ bohar,736,NA,2256.889,0.42301,41,27.782,25.180225
05-09-16,Rowley,TRIP6550_35,Lutjanus_ bohar,374,NA,882.393,0.07986,4,28.257,25.655225
05-09-16,Rowley,TRIP6550_45,Lutjanus_ bohar,521,NA,1243.486,0.17135,15,27.999,25.397225
05-09-16,Rowley,TRIP6550_54,Lutjanus_ bohar,352,NA,865.705,0.06971,4,28.257,25.655225
14-08-04,Rowley,S12627,Lutjanus_ bohar,495,M,1265.332,NA,12,27.804,25.202225
14-08-04,Rowley,S12624,Lutjanus_ bohar,695,M,2322.969,NA,45,27.643,25.041225
16-08-04,Rowley,S12637,Lutjanus_ bohar,453,M,1243.519,NA,10,27.855,25.253225
15-08-04,Rowley,S12629,Lutjanus_ bohar,588,F,2297.512,NA,46,27.645,25.043225
15-08-04,Rowley,S12631,Lutjanus_ bohar,348,M,886.374,NA,5,27.8,25.198225
15-08-04,Rowley,S12633,Lutjanus_ bohar,680,M,2069.674,NA,43,27.635,25.033225
15-08-04,Rowley,S12634,Lutjanus_ bohar,672,F,1975.296,NA,40,27.637,25.035225
15-08-04,Rowley,S12635,Lutjanus_ bohar,660,M,1983.181,NA,47,27.641,25.039225
14-08-04,Rowley,S12625,Lutjanus_ bohar,621,M,1864.645,NA,29,27.675,25.073225
16-08-04,Rowley,S12639,Lutjanus_ bohar,618,M,1548.923,NA,23,27.744,25.142225
16-08-04,Rowley,S12640,Lutjanus_ bohar,600,M,1389.375,NA,18,27.783,25.181225
17-08-04,Rowley,S12641,Lutjanus_ bohar,575,M,1413.315,NA,14,27.789,25.187225
17-08-04,Rowley,S12642,Lutjanus_ bohar,588,M,1624.292,NA,16,27.795,25.193225
17-08-04,Rowley,S12643,Lutjanus_ bohar,710,M,2226.22,NA,38,27.646,25.044225
14-08-04,Rowley,S12628,Lutjanus_ bohar,351,M,923.126,NA,7,27.909,25.307225
16-08-04,Rowley,S12636,Lutjanus_ bohar,659,M,1956.294,NA,53,27.617,25.015225
14-08-04,Rowley,S12626,Lutjanus_ bohar,594,F,2426.005,NA,47,27.641,25.039225
02-06-97,Rowley,S5784,Lutjanus_ bohar,544,F,1759.494,0.21526,21,27.649,25.047225
02-06-97,Rowley,S5785,Lutjanus_ bohar,685,F,3023.089,0.44572,68,27.609,25.007225
23-05-97,Rowley,S4512,Lutjanus_ bohar,NA,F,1752.877,0.24278,25,27.609,25.007225
23-05-97,Rowley,S4511,Lutjanus_ bohar,480,M,1453.036,0.14901,15,27.679,25.077225
23-05-97,Rowley,S4505,Lutjanus_ bohar,686,M,1997.126,0.33936,32,27.582,24.980225
23-05-97,Rowley,S4507,Lutjanus_ bohar,570,F,1982.07,0.30275,28,27.603,25.001225
23-05-97,Rowley,S4508,Lutjanus_ bohar,543,M,1388.396,0.17468,14,27.667,25.065225
24-05-97,Rowley,S4513,Lutjanus_ bohar,561,F,1750.14,0.23081,18,27.705,25.103225
24-05-97,Rowley,S4514,Lutjanus_ bohar,667,M,1659.212,0.3116,25,27.609,25.007225
26-05-97,Rowley,S4516,Lutjanus_ bohar,567,F,1940.547,0.29889,36,27.582,24.980225
28-05-97,Rowley,S4517,Lutjanus_ bohar,634,F,2871.983,0.48022,59,27.585,24.983225
23-05-97,Rowley,S4509,Lutjanus_ bohar,566,F,1708.839,0.24523,25,27.609,25.007225
29-05-97,Rowley,S4522,Lutjanus_ bohar,683,M,1851.713,0.34789,25,27.602,25.000225
30-05-97,Rowley,S4525,Lutjanus_ bohar,502,F,1424.787,0.18569,14,27.687,25.085225
30-05-97,Rowley,S4526,Lutjanus_ bohar,705,M,2131.308,0.40901,27,27.597,24.995225
30-05-97,Rowley,S4529,Lutjanus_ bohar,670,M,1850.566,0.33844,22,27.6,24.998225
20-08-04,Rowley,S12669,Lutjanus_ bohar,621,M,1847.899,NA,25,27.609,25.007225
19-08-04,Rowley,S12659,Lutjanus_ bohar,481,M,1191.09,NA,10,27.855,25.253225
19-08-04,Rowley,S12651,Lutjanus_ bohar,473,M,930.448,NA,10,27.855,25.253225
19-08-04,Rowley,S12652,Lutjanus_ bohar,581,F,1544.332,NA,21,27.748,25.146225
19-08-04,Rowley,S12653,Lutjanus_ bohar,448,M,1127.125,NA,10,27.855,25.253225
19-08-04,Rowley,S12654,Lutjanus_ bohar,585,M,1879.395,NA,26,27.753,25.151225
19-08-04,Rowley,S12655,Lutjanus_ bohar,490,M,1019.56,NA,10,27.855,25.253225
19-08-04,Rowley,S12655_,Lutjanus_ bohar,490,M,1064.15,NA,10,27.855,25.253225
19-08-04,Rowley,S12656,Lutjanus_ bohar,605,F,2220.76,NA,40,27.637,25.035225
19-08-04,Rowley,S12647,Lutjanus_ bohar,649,F,1977.116,NA,39,27.641,25.039225
21-08-04,Rowley,S12670,Lutjanus_ bohar,432,F,1023.089,NA,10,27.855,25.253225
19-08-04,Rowley,S12660,Lutjanus_ bohar,558,M,1532.222,NA,21,27.748,25.146225
20-08-04,Rowley,S12661,Lutjanus_ bohar,424,F,1110.134,NA,8,27.866,25.264225
20-08-04,Rowley,S12663,Lutjanus_ bohar,589,F,1372.804,NA,17,27.814,25.212225
20-08-04,Rowley,S12664,Lutjanus_ bohar,670,F,2870.741,NA,53,27.617,25.015225
20-08-04,Rowley,S12665,Lutjanus_ bohar,461,F,1029.801,NA,10,27.855,25.253225
20-08-04,Rowley,S12666,Lutjanus_ bohar,497,F,1282.745,NA,14,27.789,25.187225
20-08-04,Rowley,S12667,Lutjanus_ bohar,599,M,1513.055,NA,20,27.739,25.137225
21-08-04,Rowley,S12673,Lutjanus_ bohar,571,F,2217.374,NA,41,27.638,25.036225
19-08-04,Rowley,S12658,Lutjanus_ bohar,501,M,1187.602,NA,15,27.79,25.188225
07-09-16,Scott,TRIP6550_66,Lutjanus_ bohar,611,NA,1735.576,0.27163,20,28.637,26.558929
07-09-16,Scott,TRIP6550_84,Lutjanus_ bohar,473,NA,1283.915,0.13503,8,28.761,26.682929
08-09-16,Scott,TRIP6550_92,Lutjanus_ bohar,686,NA,1921.241,0.31328,22,28.621,26.542929
10-09-16,Scott,TRIP6550_119,Lutjanus_ bohar,601,NA,1561.486,0.23058,16,28.639,26.560929
11-09-16,Scott,TRIP6550_129,Lutjanus_ bohar,362,NA,1013.497,0.08142,5,28.862,26.783929
12-09-16,Scott,TRIP6550_154,Lutjanus_ bohar,652,NA,2092.885,0.38727,37,28.534,26.455929
08-06-97,Scott,S5786,Lutjanus_ bohar,607,F,2388.432,0.38426,58,28.26,26.181929
08-06-97,Scott,S5787,Lutjanus_ bohar,720,M,2377.419,0.50685,47,28.268,26.189929
08-06-97,Scott,S5788,Lutjanus_ bohar,670,M,1688.31,0.31947,24,28.283,26.204929
15-06-97,Scott,S5802,Lutjanus_ bohar,648,F,2674.485,0.4877,58,28.26,26.181929
12-08-04,Scott,S12614,Lutjanus_ bohar,563,M,1553.086,NA,16,28.507,26.428929
15-06-97,Scott,S5801,Lutjanus_ bohar,494,F,1507.105,0.17243,19,28.398,26.319929
11-06-97,Scott,S5795,Lutjanus_ bohar,554,F,2117.396,0.30805,31,28.245,26.166929
12-06-97,Scott,S5796,Lutjanus_ bohar,651,M,2173.984,0.40261,39,28.289,26.210929
09-06-97,Scott,S5789,Lutjanus_ bohar,592,M,1595.349,0.24171,14,28.381,26.302929
15-06-97,Scott,S5804,Lutjanus_ bohar,617,M,1920.546,0.2667,19,28.398,26.319929
10-06-97,Scott,S5792,Lutjanus_ bohar,509,F,2061.029,0.25864,35,28.262,26.183929
11-08-04,Scott,S12606,Lutjanus_ bohar,461,F,1242.917,NA,14,28.496,26.417929
08-08-04,Scott,S12594,Lutjanus_ bohar,476,F,1454,NA,14,28.496,26.417929
05-08-04,Scott,S12587,Lutjanus_ bohar,678,M,1681.854,NA,18,28.504,26.425929
06-08-04,Scott,S12588,Lutjanus_ bohar,671,M,1867.003,NA,25,28.465,26.386929
08-08-04,Scott,S12590,Lutjanus_ bohar,590,M,1721.036,NA,30,28.374,26.295929
08-08-04,Scott,S12591,Lutjanus_ bohar,486,M,1222.298,NA,14,28.496,26.417929
08-08-04,Scott,S12593,Lutjanus_ bohar,461,F,1101.841,NA,8,28.575,26.496929
08-08-04,Scott,S12595,Lutjanus_ bohar,482,M,987.072,NA,11,28.531,26.452929
11-08-04,Scott,S12607,Lutjanus_ bohar,565,M,1381.919,NA,14,28.496,26.417929
11-08-04,Scott,S12608,Lutjanus_ bohar,655,M,2890.514,NA,46,28.34,26.261929
11-08-04,Scott,S12609,Lutjanus_ bohar,524,M,1340.159,NA,10,28.551,26.472929
12-08-04,Scott,S12618,Lutjanus_ bohar,572,F,1635.254,NA,18,28.504,26.425929
12-08-04,Scott,S12620,Lutjanus_ bohar,573,M,1315.36,NA,12,28.512,26.433929
12-08-04,Scott,S12623,Lutjanus_ bohar,559,F,2068.62,NA,38,28.315,26.236929
15-06-97,Scott,S5803,Lutjanus_ bohar,580,F,2047.714,0.3069,36,28.272,26.193929
11-07-06,Scott,S13993,Lutjanus_ bohar,371,M,976.373,NA,4,28.516,26.437929
15-07-06,Scott,S14003,Lutjanus_ bohar,608,F,1820.758,NA,23,28.47,26.391929
08-07-06,Scott,S13976,Lutjanus_ bohar,585,F,2593.637,NA,51,28.348,26.269929
09-07-06,Scott,S13977,Lutjanus_ bohar,610,M,1513.78,NA,15,28.529,26.450929
09-07-06,Scott,S13979,Lutjanus_ bohar,575,F,2138.634,NA,37,28.355,26.276929
09-07-06,Scott,S13983,Lutjanus_ bohar,566,F,1563.141,NA,22,28.474,26.395929
10-07-06,Scott,S13989,Lutjanus_ bohar,595,M,1619.821,NA,19,28.515,26.436929
10-07-06,Scott,S13990,Lutjanus_ bohar,520,F,1195.607,NA,11,28.559,26.480929
12-07-06,Scott,S13996,Lutjanus_ bohar,426,F,1125.097,NA,13,28.533,26.454929
12-07-06,Scott,S13997,Lutjanus_ bohar,335,M,968.377,NA,8,28.638,26.559929
13-07-06,Scott,S13998,Lutjanus_ bohar,730,M,2492.018,NA,51,28.348,26.269929
13-07-06,Scott,S14001,Lutjanus_ bohar,379,F,963.194,NA,8,28.638,26.559929
15-07-06,Scott,S14002,Lutjanus_ bohar,548,F,1868.241,NA,24,28.473,26.394929
09-08-04,Scott,S12597,Lutjanus_ bohar,629,M,1704.967,NA,27,28.45,26.371929
09-08-04,Scott,S12598,Lutjanus_ bohar,452,F,1279.912,NA,14,28.496,26.417929
15-06-09,Gascoyne,NINGALOO1,Lutjanus_ bohar,810,NA,2806.813,NA,64,26.523,24.09798
18-03-11,Gascoyne,LO110318-01,Lutjanus_ bohar,578,F,1614.945,NA,22,26.818,24.39298
18-03-11,Gascoyne,LO110318-02,Lutjanus_ bohar,488,F,1163.209,NA,11,26.861,24.43598
18-03-11,Gascoyne,LO110318-03,Lutjanus_ bohar,518,M,1376.784,NA,13,26.913,24.48798
18-03-11,Gascoyne,LO110318-04,Lutjanus_ bohar,498,F,1184.708,NA,15,26.903,24.47798
18-03-11,Gascoyne,LO110318-05,Lutjanus_ bohar,421,M,1520.45,NA,15,26.903,24.47798
18-03-11,Gascoyne,LO110318-06,Lutjanus_ bohar,564,F,1611.942,NA,25,26.812,24.38698
14-04-15,Gascoyne,LO150414-01,Lutjanus_ bohar,602,F,1478.464,NA,16,26.918,24.49298
14-04-15,Gascoyne,LO150414-02,Lutjanus_ bohar,668,M,1670.4,NA,17,26.938,24.51298
12-Sep-18,Heywood,LO180912-01,Lutjanus_ bohar,607,M,2058.528,0.31975,30,28.727,26.584656
12-Sep-18,Heywood,LO180912-02,Lutjanus_ bohar,411,F,1033.343,0.12725,8,28.863,26.720656
12-Sep-18,Heywood,LO180912-03,Lutjanus_ bohar,450,F,919.59,0.08529,7,28.932,26.789656
12-Sep-18,Heywood,LO180912-04,Lutjanus_ bohar,523,F,1728.805,0.2015,24,28.768,26.625656
12-Sep-18,Heywood,LO180912-05,Lutjanus_ bohar,510,F,1407.363,0.17411,16,28.788,26.645656
12-Sep-18,Heywood,LO180912-06,Lutjanus_ bohar,390,M,1040.474,0.10338,9,28.892,26.749656
12-Sep-18,Heywood,LO180912-07,Lutjanus_ bohar,398,F,1012.005,0.10921,9,28.892,26.749656
12-Sep-18,Heywood,LO180912-08,Lutjanus_ bohar,387,F,983.487,0.10221,8,28.863,26.720656
12-Sep-18,Heywood,LO180912-09,Lutjanus_ bohar,431,F,1164.37,0.12966,10,28.869,26.726656
12-Sep-18,Heywood,LO180912-10,Lutjanus_ bohar,446,M,970.872,0.12747,9,28.892,26.749656
12-Sep-18,Heywood,LO180912-11,Lutjanus_ bohar,482,F,1072.198,0.1303,10,28.869,26.726656
13-Sep-18,Heywood,LO180913-01,Lutjanus_ bohar,623,M,1724.613,0.24422,25,28.753,26.610656
13-Sep-18,Heywood,LO180913-02,Lutjanus_ bohar,427,F,1156.061,0.12779,11,28.853,26.710656
14-Sep-18,Heywood,LO180914-01,Lutjanus_ bohar,537,F,1647.586,0.23913,19,28.77,26.627656
14-Sep-18,Heywood,LO180914-02,Lutjanus_ bohar,387,F,1087.021,0.10663,7,28.932,26.789656
14-Sep-18,Heywood,LO180914-03,Lutjanus_ bohar,461,F,1413.869,0.20935,18,28.775,26.632656
14-Sep-18,Heywood,LO180914-04,Lutjanus_ bohar,543,F,1926.235,0.24535,25,28.753,26.610656
14-Sep-18,Heywood,LO180914-05,Lutjanus_ bohar,472,M,1060.472,0.13853,15,28.792,26.649656
14-Sep-18,Heywood,LO180914-06,Lutjanus_ bohar,431,M,1280.973,0.13293,11,28.853,26.710656
14-Sep-18,Heywood,LO180914-07,Lutjanus_ bohar,455,F,1312.741,0.15747,18,28.775,26.632656
14-Sep-18,Heywood,LO180914-08,Lutjanus_ bohar,493,F,1542.414,0.1963,30,28.727,26.584656
14-Sep-18,Heywood,LO180914-09,Lutjanus_ bohar,487,F,1720.004,0.19152,14,28.815,26.672656
14-Sep-18,Heywood,LO180914-10,Lutjanus_ bohar,410,F,1116.169,0.11687,8,28.863,26.720656
14-Sep-18,Heywood,LO180914-11,Lutjanus_ bohar,445,M,1223.867,0.13959,8,28.863,26.720656
14-Sep-18,Heywood,LO180914-12,Lutjanus_ bohar,381,M,953.458,0.09348,5,28.983,26.840656
14-Sep-18,Heywood,LO180914-13,Lutjanus_ bohar,452,F,1283.791,0.1477,14,28.815,26.672656
14-Sep-18,Heywood,LO180914-14,Lutjanus_ bohar,368,M,1020.961,0.07715,6,28.994,26.851656
14-Sep-18,Heywood,LO180914-15,Lutjanus_ bohar,700,M,2255.843,0.47167,41,28.696,26.553656
14-Sep-18,Heywood,LO180914-17,Lutjanus_ bohar,630,M,1727.549,0.25,16,28.788,26.645656
14-Sep-18,Heywood,LO180914-18,Lutjanus_ bohar,440,F,1029.119,0.12863,9,28.892,26.749656
14-Sep-18,Heywood,LO180914-19,Lutjanus_ bohar,447,M,1107.807,0.1471,9,28.892,26.749656
14-Sep-18,Heywood,LO180914-20,Lutjanus_ bohar,351,F,957.36,0.08682,8,28.863,26.720656
14-Sep-18,Heywood,LO180914-21,Lutjanus_ bohar,365,M,1102.915,0.11263,10,28.869,26.726656
14-Sep-18,Heywood,LO180914-22,Lutjanus_ bohar,495,M,1787.43,NA,14,28.815,26.672656
14-Sep-18,Heywood,LO180914-23,Lutjanus_ bohar,342,M,1025.488,0.08106,12,28.838,26.695656
14-Sep-18,Heywood,LO180914-24,Lutjanus_ bohar,366,M,1315.2,NA,13,28.813,26.670656
14-Sep-18,Heywood,LO180914-25,Lutjanus_ bohar,310,M,974.303,0.06058,6,28.994,26.851656
14-Sep-18,Heywood,LO180914-26,Lutjanus_ bohar,485,F,1239.381,0.15234,11,28.853,26.710656
14-Sep-18,Heywood,LO180914-27,Lutjanus_ bohar,414,M,1169.838,0.13767,13,28.813,26.670656
14-Sep-18,Heywood,LO180914-28,Lutjanus_ bohar,296,F,978.469,0.06333,7,28.932,26.789656
14-Sep-18,Heywood,LO180914-29,Lutjanus_ bohar,360,F,1055.831,0.07874,8,28.863,26.720656
14-Sep-18,Heywood,LO180914-30,Lutjanus_ bohar,595,M,1423.728,0.20147,17,28.783,26.640656
15-Sep-18,Heywood,LO180915-01,Lutjanus_ bohar,595,F,2228.49,0.34377,32,28.728,26.585656
15-Sep-18,Heywood,LO180915-02,Lutjanus_ bohar,399,M,1056.582,0.10387,10,28.869,26.726656
15-Sep-18,Heywood,LO180915-03,Lutjanus_ bohar,367,M,1046.983,0.10597,11,28.853,26.710656
15-Sep-18,Heywood,LO180915-04,Lutjanus_ bohar,292,M,838.719,0.06977,7,28.932,26.789656
15-Sep-18,Heywood,LO180915-05,Lutjanus_ bohar,252,F,713.845,0.05233,4,29.035,26.892656
15-Sep-18,Heywood,LO180915-06,Lutjanus_ bohar,258,M,768.104,0.05538,4,29.035,26.892656
06-May-18,Chagos,LB01,Lutjanus_ bohar,600,F,2244.703,0.37187,32,28.483,27.648161
07-May-18,Chagos,LB02,Lutjanus_ bohar,496,F,1609.86,0.20452,17,28.579,27.744161
08-May-18,Chagos,LB03,Lutjanus_ bohar,517,F,1491.528,0.2212,26,28.5802,27.745361
08-May-18,Chagos,LB04,Lutjanus_ bohar,543,F,1953.087,0.28443,21,28.54,27.705161
08-May-18,Chagos,LB05,Lutjanus_ bohar,510,F,1903.904,0.26881,32,28.483,27.648161
08-May-18,Chagos,LB06,Lutjanus_ bohar,444,F,1029.912,0.13727,12,28.61,27.775161
08-May-18,Chagos,LB07,Lutjanus_ bohar,390,M,1019.251,0.09364,10,28.633,27.798161
08-May-18,Chagos,LB08,Lutjanus_ bohar,495,M,1202.126,0.15206,11,28.62,27.785161
08-May-18,Chagos,LB09,Lutjanus_ bohar,515,M,1365.665,0.1749,10,28.628,27.793161
09-May-18,Chagos,LB10,Lutjanus_ bohar,646,M,2140.727,0.50664,36,28.441,27.606161
09-May-18,Chagos,LB11,Lutjanus_ bohar,535,F,2114.818,0.36527,33,28.472,27.637161
09-May-18,Chagos,LB12,Lutjanus_ bohar,525,F,1452.462,0.19341,15,28.587,27.752161
09-May-18,Chagos,LB13,Lutjanus_ bohar,398,M,1022.97,0.11488,10,28.628,27.793161
09-May-18,Chagos,LB14,Lutjanus_ bohar,519,M,1363.681,0.19517,12,28.61,27.775161
09-May-18,Chagos,LB15,Lutjanus_ bohar,547,F,2338.97,0.41552,35,28.44,27.605161
10-May-18,Chagos,LB16,Lutjanus_ bohar,642,F,1924.372,0.35075,33,28.472,27.637161
10-May-18,Chagos,LB17,Lutjanus_ bohar,591,F,2423.68,0.34529,36,28.441,27.606161
10-May-18,Chagos,LB18,Lutjanus_ bohar,573,F,1965.892,0.29442,26,28.5802,27.745361
10-May-18,Chagos,LB19,Lutjanus_ bohar,432,M,1242.302,0.14303,12,28.61,27.775161
10-May-18,Chagos,LB20,Lutjanus_ bohar,420,F,1395.643,0.14524,15,28.581,27.746161
10-May-18,Chagos,LB21,Lutjanus_ bohar,458,F,1376.513,0.16346,15,28.581,27.746161
10-May-18,Chagos,LB22,Lutjanus_ bohar,413,M,1019.847,0.13085,10,28.633,27.798161
10-May-18,Chagos,LB23,Lutjanus_ bohar,373,M,1234.802,0.13351,10,28.633,27.798161
10-May-18,Chagos,LB24,Lutjanus_ bohar,415,F,1158.996,0.10447,10,28.633,27.798161
10-May-18,Chagos,LB25,Lutjanus_ bohar,451,M,1211.737,0.15498,13,28.607,27.772161
11-May-18,Chagos,LB26,Lutjanus_ bohar,564,F,1875.262,0.28367,26,28.5802,27.745361
11-May-18,Chagos,LB27,Lutjanus_ bohar,439,F,1363.611,0.16815,14,28.584,27.749161
11-May-18,Chagos,LB28,Lutjanus_ bohar,486,M,1323.764,0.17357,15,28.587,27.752161
13-May-18,Chagos,LB29,Lutjanus_ bohar,436,M,1224.932,0.11793,11,28.62,27.785161
13-May-18,Chagos,LB30,Lutjanus_ bohar,445,F,1175.219,0.12536,10,28.633,27.798161
13-May-18,Chagos,LB31,Lutjanus_ bohar,468,M,1083.304,0.14622,10,28.628,27.793161
13-May-18,Chagos,LB32,Lutjanus_ bohar,567,M,1532.329,0.23254,16,28.584,27.749161
13-May-18,Chagos,LB33,Lutjanus_ bohar,573,M,1386.3,0.25197,16,28.59,27.755161
14-May-18,Chagos,LB34,Lutjanus_ bohar,730,M,2321.017,0.50141,33,28.472,27.637161
14-May-18,Chagos,LB35,Lutjanus_ bohar,519,M,1225.923,0.16413,11,28.62,27.785161
14-May-18,Chagos,LB36,Lutjanus_ bohar,562,F,1163.171,0.20033,13,28.598,27.763161
14-May-18,Chagos,LB37,Lutjanus_ bohar,686,F,2253.177,0.44284,40,28.429,27.594161
14-May-18,Chagos,LB38,Lutjanus_ bohar,421,M,1130.355,0.10389,8,28.648,27.813161
14-May-18,Chagos,LB39,Lutjanus_ bohar,440,M,1017.121,0.10759,10,28.633,27.798161
15-May-18,Chagos,LB40,Lutjanus_ bohar,470,M,1213.321,0.1478,9,28.637,27.802161
15-May-18,Chagos,LB41,Lutjanus_ bohar,445,M,1056.991,0.11791,11,28.62,27.785161
16-May-18,Chagos,LB42,Lutjanus_ bohar,508,NA,1612.155,0.24855,17,28.587,27.752161
17-May-18,Chagos,LB43,Lutjanus_ bohar,671,F,2344.089,0.35868,48,28.358,27.523161
17-May-18,Chagos,LB44,Lutjanus_ bohar,565,M,1250.428,0.16583,12,28.61,27.775161
17-May-18,Chagos,LB45,Lutjanus_ bohar,601,F,1789.221,0.27093,29,28.497,27.662161
18-May-18,Chagos,LB48,Lutjanus_ bohar,567,M,1304.216,0.17522,11,28.616,27.781161
18-May-18,Chagos,LB50,Lutjanus_ bohar,637,F,2416.084,0.44532,50,28.353,27.518161
18-Mar-19,Chagos,LB52,Lutjanus_ bohar,626,M,2061.577,0.3482,27,28.493,27.658161
18-Mar-19,Chagos,LB54,Lutjanus_ bohar,488,F,1346.514,0.19845,11,28.665,27.830161
18-Mar-19,Chagos,LB58,Lutjanus_ bohar,332,F,1140.39,0.11377,9,28.669,27.834161
18-Mar-19,Chagos,LB60,Lutjanus_ bohar,543,M,1780.44,0.25648,18,28.577,27.742161
18-Mar-19,Chagos,LB61,Lutjanus_ bohar,421,M,1214.215,0.12587,10,28.672,27.837161
18-Mar-19,Chagos,LB63,Lutjanus_ bohar,576,F,1741.309,0.31789,21,28.558,27.723161
18-Mar-19,Chagos,LB65,Lutjanus_ bohar,604,F,2553.86,0.52602,43,28.426,27.591161
15-Mar-20,Chagos,BIOT011,Lutjanus_ bohar,274,F,953.818,0.0696,5,28.763,27.928161
15-Mar-20,Chagos,BIOT012,Lutjanus_ bohar,581,F,2036.031,0.3434,29,28.516,27.681161
16-05-17,Palau,LBPK005,Lutjanus_bohar,468,F,1553.152,0.1781,14,29.1,28.42
16-05-17,Palau,LBPK013,Lutjanus_bohar,380,M,950.769,0.1071,8,29.18,28.43
16-05-17,Palau,LBPK014,Lutjanus_bohar,354,F,1063.195,0.0913,8,29.18,28.43
16-05-17,Palau,LBPK018,Lutjanus_bohar,380,M,978.528,0.0904,7,29.16,28.47
27-05-17,Palau,LBPK020,Lutjanus_bohar,346,M,946.604,0.0949,8,29.18,28.43
27-05-17,Palau,LBPK021,Lutjanus_bohar,393,M,970.199,0.1050,9,29.17,28.47
06-06-17,Palau,LBPK030,Lutjanus_bohar,336,M,1029.885,0.0719,6,29.16,28.42
06-06-17,Palau,LBPK032,Lutjanus_bohar,632,M,1706.227,0.2576,22,29.13,28.42
06-06-17,Palau,LBPK034,Lutjanus_bohar,505,F,1508.734,0.1910,18,29.1,28.43
06-06-17,Palau,LBPK038,Lutjanus_bohar,423,F,1161.743,0.1234,9,29.17,28.47
06-06-17,Palau,LBPK039,Lutjanus_bohar,369,M,1102.06,0.0884,7,29.16,28.47
13-06-17,Palau,LBPK040,Lutjanus_bohar,348,F,856.386,0.0820,6,29.16,28.42
13-06-17,Palau,LBPK041,Lutjanus_bohar,330,F,954.932,0.0821,7,29.16,28.47
18-06-17,Palau,LBPK044,Lutjanus_bohar,428,M,854.997,0.1109,7,29.16,28.47
09-08-17,Palau,LBPK048,Lutjanus_bohar,500,F,1246.407,0.1777,15,29.09,28.39
14-08-17,Palau,LBPK049,Lutjanus_bohar,560,F,1959.833,0.3364,29,29.07,28.34
14-08-17,Palau,LBPK050,Lutjanus_bohar,619,M,2036.172,0.3710,32,29.06,28.33
14-08-17,Palau,LBPK051,Lutjanus_bohar,604,M,1758.569,0.2996,23,29.13,28.4
04-09-17,Palau,LBPK056,Lutjanus_bohar,511,F,1444.887,0.0883,15,29.09,28.39
12-09-17,Palau,LBPK064,Lutjanus_bohar,612,M,1802.991,0.2835,19,29.11,28.45
12-09-17,Palau,LBPK065,Lutjanus_bohar,364,F,1153.414,0.1113,9,29.17,28.47
12-09-17,Palau,LBPK067,Lutjanus_bohar,542,M,1675.294,0.2607,20,29.12,28.42
18-09-17,Palau,LBPK068,Lutjanus_bohar,368,M,1698.889,0.2357,22,29.13,28.42
18-09-17,Palau,LBPK070,Lutjanus_bohar,476,F,1218.648,0.1396,10,29.18,28.49
18-09-17,Palau,LBPK074,Lutjanus_bohar,571,F,1443.501,0.2324,15,29.09,28.39
10-10-17,Palau,LBPK075,Lutjanus_bohar,495,F,1129.817,0.1581,11,29.17,28.47
31-10-17,Palau,LBPK076,Lutjanus_bohar,435,M,1047.927,0.1265,8,29.18,28.43
31-10-17,Palau,LBPK077,Lutjanus_bohar,349,NA,999.347,0.0960,9,29.17,28.47
31-10-17,Palau,LBPK079,Lutjanus_bohar,470,F,1301.927,0.1442,12,29.15,28.45
31-10-17,Palau,LBPK080,Lutjanus_bohar,446,M,1239.469,0.1367,10,29.18,28.49
31-10-17,Palau,LBPK081,Lutjanus_bohar,445,M,996.571,0.1139,8,29.18,28.43
31-10-17,Palau,LBPK082,Lutjanus_bohar,408,M,991.019,0.1132,9,29.17,28.47
31-10-17,Palau,LBPK083,Lutjanus_bohar,410,F,1163.13,0.1154,9,29.17,28.47
31-10-17,Palau,LBPK084,Lutjanus_bohar,455,M,1056.253,0.1185,10,29.18,28.49
02-11-17,Palau,LBPK085,Lutjanus_bohar,364,M,1031.272,0.0968,8,29.18,28.43
13-11-17,Palau,LBPK087,Lutjanus_bohar,472,F,1129.785,0.1623,12,29.15,28.45
13-11-17,Palau,LBPK088,Lutjanus_bohar,539,F,1598.673,0.2390,19,29.11,28.45
13-11-17,Palau,LBPK089,Lutjanus_bohar,552,F,1833.816,0.2630,21,29.12,28.41
14-11-17,Palau,LBPK090,Lutjanus_bohar,361,M,847.338,0.0856,6,29.16,28.42
15-11-17,Palau,LBPK091,Lutjanus_bohar,421,M,989.259,0.1185,8,29.18,28.43
16-11-17,Palau,LBPK092,Lutjanus_bohar,397,F,1026.825,0.1040,7,29.16,28.47
17-11-17,Palau,LBPK093,Lutjanus_bohar,399,M,990.649,0.1099,7,29.16,28.47
18-11-17,Palau,LBPK094,Lutjanus_bohar,321,F,840.383,0.0761,5,29.17,28.42
19-11-17,Palau,LBPK095,Lutjanus_bohar,361,M,921.082,0.0836,6,29.16,28.42
20-11-17,Palau,LBPK096,Lutjanus_bohar,302,F,850.122,0.0756,5,29.17,28.42
27-11-17,Palau,LBPK098,Lutjanus_bohar,588,M,1604.241,0.2226,14,29.1,28.42
27-11-17,Palau,LBPK099,Lutjanus_bohar,474,F,1058.828,0.1077,7,29.16,28.47
27-11-17,Palau,LBPK100,Lutjanus_bohar,436,F,1061.61,0.1331,8,29.18,28.43
27-11-17,Palau,LBPK101,Lutjanus_bohar,385,F,1093.611,0.0925,7,29.16,28.47
27-11-17,Palau,LBPK102,Lutjanus_bohar,375,F,1022.652,0.0968,7,29.16,28.47
03-12-17,Palau,LBPK103,Lutjanus_bohar,319,F,932.213,0.0803,7,29.16,28.47
03-12-17,Palau,LBPK104,Lutjanus_bohar,435,F,1274.49,0.1531,9,29.17,28.47
04-12-17,Palau,LBPK105,Lutjanus_bohar,372,M,1004.563,0.1139,9,29.17,28.47
04-12-17,Palau,LBPK106,Lutjanus_bohar,248,F,812.556,0.0576,5,29.17,28.42
04-12-17,Palau,LBPK107,Lutjanus_bohar,453,M,1371.882,0.1429,12,29.15,28.45
04-03-18,Palau,LBPK109,Lutjanus_bohar,284,M,989.258,0.0714,6,29.18,28.5
04-03-18,Palau,LBPK110,Lutjanus_bohar,263,F,787.51,0.0506,4,29.21,28.5
04-03-18,Palau,LBPK111,Lutjanus_bohar,244,M,830.642,0.0462,4,29.21,28.5
18-07-19,Palau,LBPK115,Lutjanus_bohar,290,M,800.033,0.0597,3,29.16,28.49
26-07-19,Palau,LBPK116,Lutjanus_bohar,288,M,802.815,0.0687,4,29.22,28.39
03-09-19,Palau,LBPK117,Lutjanus_bohar,426,F,1224.398,0.1130,10,29.16,28.41
03-09-19,Palau,LBPK118,Lutjanus_bohar,430,M,1136.742,0.1200,8,29.13,28.4
03-09-19,Palau,LBPK119,Lutjanus_bohar,452,F,1124.221,0.1470,9,29.14,28.44
17-09-19,Palau,LBPK120,Lutjanus_bohar,382,F,830.644,0.0820,5,29.14,28.35
23-09-19,Palau,LBPK121,Lutjanus_bohar,305,F,914.124,0.0688,7,29.14,28.39
24-09-19,Palau,LBPK122,Lutjanus_bohar,454,M,1072.741,0.1199,7,29.14,28.39
25-09-19,Palau,LBPK123,Lutjanus_bohar,427,M,1111.698,0.1198,7,29.14,28.39
25-09-19,Palau,LBPK124,Lutjanus_bohar,405,M,1060.218,0.1218,9,29.14,28.44
25-09-19,Palau,LBPK125,Lutjanus_bohar,425,M,1143.7,0.1175,8,29.13,28.4
25-09-19,Palau,LBPK126,Lutjanus_bohar,381,M,1122.828,0.1121,9,29.14,28.44
25-09-19,Palau,LBPK127,Lutjanus_bohar,322,M,916.907,0.0707,6,29.12,28.36
26-09-19,Palau,LBPK128,Lutjanus_bohar,378,F,937.778,0.0990,7,29.14,28.39
26-09-19,Palau,LBPK129,Lutjanus_bohar,380,M,859.861,0.1020,6,29.12,28.36
30-09-19,Palau,LBPK130,Lutjanus_bohar,366,F,957.257,0.0943,6,29.12,28.36
30-09-19,Palau,LBPK131,Lutjanus_bohar,439,F,1179.876,0.1280,10,29.16,28.41
02-10-19,Palau,LBPK132,Lutjanus_bohar,367,NA,1120.045,0.1074,8,29.13,28.4
04-10-19,Palau,LBPK133,Lutjanus_bohar,260,F,787.511,0.0525,4,29.22,28.39
07-10-19,Palau,LBPK134,Lutjanus_bohar,361,M,936.387,0.0992,7,29.14,28.39
07-10-19,Palau,LBPK135,Lutjanus_bohar,374,F,1021.259,0.0908,8,29.13,28.4
08-10-19,Palau,LBPK136,Lutjanus_bohar,422,F,1050.478,0.1589,9,29.14,28.44
14-10-19,Palau,LBPK155,Lutjanus_bohar,341,M,833.426,0.0810,5,29.14,28.35
14-10-19,Palau,LBPK156,Lutjanus_bohar,296,M,819.512,0.0687,3,29.16,28.49
