region,CentralRedSea,CentralRedSea,CentralRedSea,CentralRedSea,CentralRedSea,CentralRedSea,CentralRedSea,CentralRedSea,CentralRedSea,CentralRedSea,CentralRedSea,CentralRedSea,CentralRedSea,CentralRedSea,Chagos,Chagos,Chagos,Chagos,Chagos,Chagos,Chagos,Chagos,Chagos,Chagos,Chagos,Chagos,Chagos,Chagos,Chagos,Chagos,Chagos,Chagos,Chagos,Chagos,Chagos,Chagos,Chagos,Chagos,Chagos,Chagos,Chagos,Chagos,Chagos,Chagos,Chagos,Chagos,Chagos,Chagos,Chagos,Chagos,Chagos,Chagos,Chagos,Chagos,Chagos,Chagos,Chagos,Chagos,Chagos,Chagos,Chagos,Chagos,Chagos,Rowley,Rowley,Rowley,Rowley,Rowley,Rowley,Rowley,Rowley,Rowley,Rowley,Rowley,Rowley,Rowley,Rowley,Rowley,Rowley,Rowley,Rowley,Rowley,Rowley,Rowley,Rowley,Rowley,Rowley,Rowley,Rowley,Rowley,Rowley,Rowley,Rowley,Rowley,Rowley,Rowley,Rowley,Rowley,Rowley,Rowley,Rowley,Rowley,Rowley,Rowley,Rowley,Rowley,Rowley,Scott,Scott,Scott,Scott,Scott,Scott,Scott,Scott,Scott,Scott,Scott,Scott,Scott,Scott,Scott,Scott,Scott,Scott,Scott,Scott,Scott,Scott,Scott,Scott,Scott,Scott,Scott,Scott,Scott,Scott,Scott,Scott
id,A1,A2,A3,A4,A5,A6,B1,B2,B3,B4,B5,B6,C1,C2,MN01,MN02,MN03,MN04,MN05,MN06,MN07,MN08,MN09,MN10,MN11,MN12,MN13,MN14,MN15,MN16,MN17,MN18,MN19,MN20,MN21,MN22,MN23,MN24,MN25,MN26,MN27,MN28,MN29,MN30,MN31,MN32,MN33,MN34,MN35,MN36,MN37,MN38,MN39,MN40,MN41,MN42,MN43,MN44,MN45,MN46,MN47,MN48,MN49,R1,R10,R11,R12,R15,R16,R19,R20,R21,R22,R23,R24,R25,R32,R33,R37,R38,R39,R4,R40,R41,R42,R43,R44,R46,R47,R48,R49,R5,R50,R51,R52,R53,R55,R56,R57,R58,R59,R60,R62,R63,R65,R7,R8,S103,S115,S120,S122,S123,S124,S130,S131,S132,S134,S136,S139,S140,S143,S144,S145,S146,S147,S148,S150,S152,S153,S69,S70,S73,S79,S83,S85,S88,S90,S93,S97
length,460,465,420,465,350,450,NA,510,465,385,455,447,415,458,454,495,450,395,472,428,438,432,438,392,450,432,405,440,412,414,534,498,490,354,466,474,467,522,350,471,514,435,428,428,450,460,387,434,454,356,475,510,495,516,510,465,434,549,522,521,536,518,344,580,530,401,375,505,600,464,461,455,522,519,561,426,501,396,560,581,549,550,525,373,550,419,506,522,444,383,379,570,442,372,441,396,408,541,429,330,443,544,461,406,398,437,500,324,326,521,468,360,355,426,245,366,399,266,303,240,510,424,529,517,478,483,496,477,435,375,541,446,430,366,362,507,447,315,256
1963,NA,NA,NA,NA,NA,305.4640135,NA,NA,NA,NA,NA,NA,NA,NA,NA,NA,NA,NA,NA,NA,NA,NA,NA,NA,NA,NA,NA,NA,NA,NA,NA,NA,NA,NA,NA,NA,NA,NA,NA,NA,NA,NA,NA,NA,NA,NA,NA,NA,NA,NA,NA,NA,NA,NA,NA,NA,NA,NA,NA,NA,NA,NA,NA,NA,NA,NA,NA,NA,NA,NA,NA,NA,NA,NA,NA,NA,NA,NA,NA,NA,NA,NA,NA,NA,NA,NA,NA,NA,NA,NA,NA,NA,NA,NA,NA,NA,NA,NA,NA,NA,NA,NA,NA,NA,NA,NA,NA,NA,NA,NA,NA,NA,NA,NA,NA,NA,NA,NA,NA,NA,NA,NA,NA,NA,NA,NA,NA,NA,NA,NA,NA,NA,NA,NA,NA,NA,NA,NA,NA
1964,NA,NA,NA,NA,NA,142.4532893,NA,NA,NA,NA,NA,NA,NA,NA,NA,NA,NA,NA,NA,NA,NA,NA,NA,NA,NA,NA,NA,NA,NA,NA,NA,NA,NA,NA,NA,NA,NA,NA,NA,NA,NA,NA,NA,NA,NA,NA,NA,NA,NA,NA,NA,NA,NA,NA,NA,NA,NA,NA,NA,NA,NA,NA,NA,NA,NA,NA,NA,NA,NA,NA,NA,NA,NA,NA,NA,NA,NA,NA,413.2555578,NA,NA,NA,NA,NA,491.6316877,NA,NA,NA,NA,NA,NA,NA,NA,NA,NA,NA,NA,NA,NA,NA,NA,NA,NA,NA,NA,NA,NA,NA,NA,NA,NA,NA,NA,NA,NA,NA,NA,NA,NA,NA,NA,NA,NA,NA,NA,NA,NA,NA,NA,NA,NA,NA,NA,NA,NA,NA,NA,NA,NA
1965,NA,NA,NA,NA,NA,108.6725912,NA,NA,NA,NA,NA,NA,NA,NA,NA,NA,NA,NA,NA,NA,NA,NA,NA,NA,NA,NA,NA,NA,NA,NA,NA,NA,NA,NA,NA,NA,NA,NA,NA,NA,NA,NA,NA,NA,NA,NA,NA,NA,NA,NA,NA,NA,NA,NA,NA,NA,NA,NA,NA,NA,NA,NA,NA,NA,NA,NA,NA,NA,NA,NA,NA,NA,NA,NA,NA,NA,NA,NA,161.9810996,NA,NA,NA,NA,NA,134.7062895,NA,NA,NA,NA,NA,NA,NA,NA,NA,NA,NA,NA,NA,NA,NA,NA,NA,NA,NA,NA,NA,NA,NA,NA,NA,NA,NA,NA,NA,NA,NA,NA,NA,NA,NA,NA,NA,NA,NA,NA,NA,NA,NA,NA,NA,NA,NA,NA,NA,NA,NA,NA,NA,NA
1966,NA,NA,NA,NA,NA,73.2577751,NA,NA,NA,NA,NA,NA,NA,NA,NA,NA,NA,NA,NA,NA,NA,NA,NA,NA,NA,NA,NA,NA,NA,NA,NA,NA,NA,NA,NA,NA,NA,NA,NA,NA,NA,NA,NA,NA,NA,NA,NA,NA,NA,NA,NA,NA,NA,NA,NA,NA,NA,NA,NA,NA,NA,NA,NA,NA,NA,NA,NA,NA,NA,NA,NA,NA,NA,NA,NA,NA,NA,NA,103.2011525,NA,NA,NA,NA,NA,103.510968,NA,NA,NA,NA,NA,NA,NA,NA,NA,NA,NA,NA,NA,NA,NA,NA,NA,NA,NA,NA,NA,NA,NA,NA,NA,NA,NA,NA,NA,NA,NA,NA,NA,NA,NA,NA,NA,NA,NA,NA,NA,NA,NA,NA,NA,NA,NA,NA,NA,NA,NA,NA,NA,NA
1967,NA,NA,NA,NA,NA,62.34348048,NA,NA,NA,NA,NA,NA,NA,350.8160249,NA,NA,NA,NA,NA,NA,NA,NA,NA,NA,NA,NA,NA,NA,NA,NA,NA,NA,NA,NA,NA,NA,NA,NA,NA,NA,NA,NA,NA,NA,NA,NA,NA,NA,NA,NA,NA,NA,NA,NA,NA,NA,NA,NA,NA,NA,NA,NA,NA,NA,NA,NA,NA,NA,NA,NA,NA,NA,NA,NA,NA,NA,NA,NA,72.70388836,NA,NA,NA,NA,NA,55.90822768,NA,NA,NA,NA,NA,NA,NA,NA,NA,NA,NA,NA,NA,NA,NA,NA,NA,NA,NA,NA,NA,NA,NA,NA,NA,NA,NA,NA,NA,NA,NA,NA,NA,NA,NA,NA,NA,NA,NA,NA,NA,NA,NA,NA,NA,NA,NA,NA,NA,NA,NA,NA,NA,NA
1968,NA,NA,NA,NA,NA,48.30481989,NA,NA,NA,NA,NA,NA,NA,143.2002516,NA,NA,NA,NA,NA,NA,NA,NA,NA,NA,NA,NA,NA,NA,NA,NA,NA,NA,NA,NA,NA,NA,NA,NA,NA,NA,NA,NA,NA,NA,NA,NA,NA,NA,NA,NA,NA,NA,NA,NA,NA,NA,NA,NA,NA,NA,NA,NA,NA,NA,NA,NA,NA,NA,NA,NA,NA,NA,NA,NA,NA,NA,NA,NA,47.22799904,NA,NA,NA,NA,NA,67.90015339,NA,NA,NA,NA,NA,NA,NA,NA,NA,NA,NA,NA,NA,NA,NA,NA,NA,NA,NA,NA,NA,NA,NA,NA,NA,NA,NA,NA,NA,NA,NA,NA,NA,NA,NA,NA,NA,NA,NA,NA,NA,NA,NA,NA,NA,NA,NA,NA,NA,NA,NA,NA,NA,NA
1969,NA,NA,NA,NA,NA,49.0609051,NA,NA,NA,NA,NA,NA,NA,103.7717889,NA,NA,NA,NA,NA,NA,NA,NA,NA,NA,NA,NA,NA,NA,NA,NA,NA,NA,NA,NA,NA,NA,NA,NA,NA,NA,NA,NA,NA,NA,NA,NA,NA,NA,NA,NA,NA,NA,NA,NA,NA,NA,NA,NA,NA,NA,NA,NA,NA,NA,NA,NA,NA,NA,NA,NA,NA,NA,NA,NA,NA,NA,NA,NA,48.5534524,NA,NA,NA,NA,NA,51.36243509,NA,NA,NA,NA,NA,NA,NA,NA,NA,NA,NA,NA,NA,NA,NA,NA,NA,NA,NA,NA,NA,NA,NA,NA,NA,NA,NA,NA,NA,NA,NA,NA,NA,NA,NA,NA,NA,NA,NA,NA,NA,NA,NA,NA,NA,NA,NA,NA,NA,NA,NA,NA,NA,NA
1970,NA,NA,NA,NA,NA,54.1623166,NA,NA,NA,NA,NA,NA,NA,98.36015047,NA,NA,NA,NA,NA,NA,NA,NA,NA,NA,NA,NA,NA,NA,NA,NA,NA,NA,NA,NA,NA,NA,NA,NA,NA,NA,NA,NA,NA,NA,NA,NA,NA,NA,NA,NA,NA,NA,NA,NA,NA,NA,NA,NA,NA,NA,NA,NA,NA,582.9408293,NA,NA,NA,NA,NA,NA,NA,NA,NA,NA,NA,NA,NA,NA,51.78059033,NA,NA,NA,NA,NA,42.9624121,NA,NA,NA,NA,NA,NA,NA,NA,NA,NA,NA,NA,NA,NA,NA,NA,NA,NA,NA,NA,NA,NA,NA,NA,NA,NA,NA,NA,NA,NA,NA,NA,NA,NA,NA,NA,NA,NA,NA,NA,NA,NA,NA,NA,NA,521.1501491,NA,NA,NA,NA,NA,NA,NA,NA
1971,NA,NA,NA,NA,NA,39.028689,NA,NA,NA,NA,NA,NA,NA,87.45933646,NA,NA,NA,NA,NA,NA,NA,NA,NA,NA,NA,NA,NA,NA,NA,NA,NA,NA,NA,NA,NA,NA,NA,NA,NA,NA,NA,NA,NA,NA,NA,NA,NA,NA,NA,NA,NA,NA,NA,NA,NA,NA,NA,NA,NA,NA,NA,NA,NA,122.3683663,NA,NA,NA,NA,NA,NA,NA,NA,NA,NA,NA,NA,NA,NA,36.20782874,NA,NA,NA,NA,NA,47.23436039,NA,NA,NA,NA,NA,NA,NA,NA,NA,NA,NA,NA,NA,NA,NA,NA,NA,NA,NA,NA,NA,NA,NA,NA,NA,NA,NA,NA,NA,NA,NA,NA,NA,NA,NA,NA,NA,NA,NA,NA,NA,NA,NA,NA,NA,130.7399131,NA,NA,NA,NA,NA,NA,NA,NA
1972,NA,NA,NA,NA,NA,52.29348643,NA,NA,NA,NA,NA,NA,NA,63.34855007,NA,NA,NA,NA,NA,NA,NA,NA,NA,NA,NA,NA,NA,NA,NA,NA,NA,NA,NA,NA,NA,NA,NA,NA,NA,NA,NA,NA,NA,NA,NA,NA,NA,NA,NA,NA,NA,NA,NA,NA,NA,NA,NA,NA,NA,NA,NA,NA,NA,101.715897,NA,NA,NA,NA,NA,NA,NA,NA,NA,NA,NA,NA,NA,NA,36.78486677,NA,NA,NA,NA,NA,38.24087641,NA,NA,NA,NA,NA,NA,NA,NA,NA,NA,NA,NA,NA,NA,NA,NA,NA,NA,NA,NA,NA,NA,NA,NA,NA,NA,NA,NA,NA,NA,NA,NA,NA,NA,NA,NA,NA,NA,NA,NA,NA,NA,NA,NA,NA,123.3180823,NA,NA,NA,NA,NA,NA,NA,NA
1973,NA,NA,NA,NA,NA,52.94658964,NA,NA,NA,NA,NA,NA,NA,58.49214448,NA,NA,NA,NA,NA,NA,NA,NA,NA,NA,NA,NA,NA,NA,NA,NA,NA,NA,NA,NA,NA,NA,NA,NA,NA,NA,NA,NA,NA,NA,NA,NA,NA,NA,NA,NA,NA,NA,NA,NA,NA,NA,NA,NA,NA,NA,NA,NA,NA,76.58127897,NA,NA,NA,NA,NA,NA,NA,NA,NA,NA,NA,NA,NA,NA,54.27197615,NA,NA,NA,NA,NA,39.66418854,NA,NA,NA,NA,NA,NA,NA,NA,NA,NA,NA,NA,NA,NA,NA,NA,NA,NA,NA,NA,NA,NA,NA,NA,NA,NA,NA,NA,NA,NA,NA,NA,NA,NA,NA,NA,NA,NA,NA,NA,NA,NA,NA,NA,NA,64.48093623,NA,NA,NA,NA,NA,NA,NA,NA
1974,NA,NA,NA,NA,NA,32.91761857,NA,NA,NA,NA,NA,NA,NA,49.15269151,NA,NA,NA,NA,NA,NA,NA,NA,NA,NA,NA,NA,NA,NA,NA,NA,NA,NA,NA,NA,NA,NA,NA,NA,NA,NA,NA,NA,NA,NA,NA,NA,NA,NA,NA,NA,NA,NA,NA,NA,NA,NA,NA,NA,NA,NA,NA,NA,NA,64.11753762,NA,NA,NA,NA,NA,NA,NA,NA,NA,NA,NA,NA,NA,NA,51.05145815,NA,NA,NA,NA,NA,49.41047464,NA,NA,NA,NA,NA,NA,NA,NA,NA,NA,NA,NA,NA,NA,NA,NA,NA,NA,NA,NA,NA,NA,NA,NA,NA,NA,NA,NA,NA,NA,NA,NA,NA,NA,NA,NA,NA,NA,NA,NA,NA,NA,NA,NA,NA,70.50376609,NA,NA,NA,NA,NA,NA,NA,NA
1975,NA,NA,NA,NA,NA,45.15680047,NA,NA,NA,NA,NA,NA,NA,55.52328829,NA,NA,NA,NA,NA,NA,NA,NA,NA,NA,NA,NA,NA,NA,NA,NA,NA,NA,NA,NA,NA,NA,NA,NA,NA,NA,NA,NA,NA,NA,NA,NA,NA,NA,NA,NA,NA,NA,NA,NA,NA,NA,NA,NA,NA,NA,NA,NA,NA,60.83182989,NA,NA,NA,NA,NA,NA,NA,NA,NA,NA,NA,NA,NA,NA,33.69523867,NA,NA,NA,NA,NA,33.91892652,NA,NA,NA,NA,NA,NA,NA,NA,NA,NA,NA,NA,NA,NA,NA,NA,NA,NA,NA,NA,NA,NA,NA,NA,NA,NA,NA,NA,NA,NA,NA,NA,NA,NA,NA,NA,NA,NA,NA,NA,NA,NA,NA,NA,NA,54.63004814,NA,NA,NA,NA,NA,NA,NA,NA
1976,NA,NA,NA,NA,NA,46.90778404,NA,NA,NA,NA,NA,NA,NA,50.56739154,NA,NA,NA,NA,NA,NA,NA,NA,NA,NA,NA,NA,NA,NA,NA,NA,NA,NA,NA,NA,NA,NA,NA,NA,NA,NA,NA,NA,NA,NA,NA,NA,NA,NA,NA,NA,NA,NA,NA,NA,NA,NA,NA,NA,NA,NA,NA,NA,NA,50.6985747,NA,NA,NA,NA,NA,NA,NA,NA,NA,NA,NA,NA,NA,NA,26.05713192,NA,NA,NA,NA,NA,36.69342142,NA,NA,NA,NA,NA,NA,NA,NA,NA,NA,NA,NA,NA,NA,NA,NA,NA,NA,NA,NA,NA,NA,NA,NA,NA,NA,NA,NA,NA,NA,NA,NA,NA,NA,NA,NA,NA,NA,NA,NA,NA,NA,NA,NA,NA,53.11779738,NA,NA,NA,NA,NA,NA,NA,NA
1977,NA,NA,NA,NA,NA,43.36973466,NA,NA,NA,NA,NA,NA,NA,45.76838286,NA,455.6820655,NA,NA,NA,NA,NA,NA,NA,NA,NA,NA,NA,NA,NA,NA,NA,NA,NA,NA,NA,NA,NA,NA,NA,NA,NA,NA,NA,NA,NA,NA,NA,NA,NA,NA,NA,NA,NA,359.3663379,NA,NA,NA,NA,NA,NA,NA,NA,NA,49.3451611,NA,NA,NA,NA,NA,NA,NA,NA,NA,NA,NA,NA,NA,NA,33.24224547,NA,NA,NA,NA,NA,22.82985383,NA,NA,NA,NA,NA,NA,NA,NA,NA,NA,NA,NA,NA,NA,NA,NA,NA,NA,NA,NA,NA,NA,NA,NA,NA,NA,NA,NA,NA,NA,NA,NA,NA,NA,NA,NA,NA,NA,NA,NA,NA,NA,NA,NA,NA,55.48797148,NA,NA,NA,NA,NA,NA,NA,NA
1978,NA,NA,NA,NA,NA,41.03803969,NA,NA,NA,NA,NA,NA,NA,43.74980127,NA,111.2896557,NA,NA,NA,NA,NA,NA,NA,NA,NA,NA,NA,NA,NA,NA,452.0758719,NA,NA,NA,NA,NA,NA,NA,NA,NA,NA,NA,NA,NA,NA,NA,NA,NA,NA,NA,NA,330.4824819,NA,125.3695909,366.340334,NA,NA,NA,NA,NA,NA,NA,NA,54.47208563,NA,NA,NA,NA,NA,NA,NA,NA,NA,NA,NA,NA,NA,NA,36.9592292,NA,NA,NA,NA,NA,32.14763128,NA,NA,NA,NA,NA,NA,NA,NA,NA,NA,NA,NA,NA,NA,NA,NA,NA,NA,NA,NA,NA,NA,NA,NA,NA,NA,NA,NA,NA,NA,NA,NA,NA,NA,NA,NA,NA,NA,NA,NA,NA,NA,NA,NA,NA,43.42019047,NA,NA,NA,NA,NA,NA,NA,NA
1979,NA,NA,NA,NA,NA,32.11317584,NA,NA,NA,NA,NA,NA,NA,49.0555552,NA,91.63295247,NA,NA,NA,NA,NA,NA,NA,NA,NA,NA,NA,NA,NA,NA,195.9903613,NA,NA,NA,NA,NA,NA,NA,NA,NA,NA,NA,NA,NA,NA,NA,NA,NA,NA,NA,NA,135.128453,NA,86.26357251,136.1966622,NA,NA,NA,NA,NA,NA,NA,NA,74.31259177,NA,NA,NA,NA,NA,NA,NA,NA,NA,NA,NA,NA,NA,NA,29.8995197,491.6592648,NA,NA,NA,NA,28.03527772,NA,NA,NA,NA,NA,NA,NA,NA,NA,NA,NA,NA,NA,NA,NA,NA,NA,NA,NA,NA,NA,NA,NA,NA,NA,NA,NA,NA,NA,NA,NA,NA,NA,NA,NA,NA,NA,NA,NA,NA,NA,NA,NA,NA,NA,50.01182111,NA,NA,NA,NA,NA,NA,NA,NA
1980,NA,NA,NA,NA,NA,33.87395888,NA,NA,NA,NA,NA,NA,NA,48.30146716,NA,85.00558094,NA,NA,NA,NA,NA,NA,NA,NA,NA,NA,NA,NA,NA,NA,103.3222947,NA,NA,NA,NA,NA,NA,NA,NA,NA,NA,NA,NA,NA,NA,NA,NA,NA,NA,NA,NA,75.00607573,NA,79.3931256,60.40893466,NA,NA,NA,NA,NA,NA,NA,NA,47.24836706,NA,NA,NA,NA,NA,NA,NA,NA,NA,NA,NA,NA,NA,NA,41.40962624,133.953504,NA,NA,NA,NA,25.16429508,NA,NA,NA,NA,NA,NA,NA,NA,NA,NA,NA,NA,NA,NA,NA,NA,NA,NA,NA,NA,NA,NA,NA,NA,NA,NA,NA,NA,NA,NA,NA,NA,NA,NA,NA,NA,NA,NA,NA,NA,NA,NA,NA,NA,NA,59.95805703,NA,NA,NA,NA,NA,NA,NA,NA
1981,NA,NA,NA,NA,NA,32.95787078,NA,523.4859786,NA,NA,NA,NA,NA,47.38283356,NA,57.92918712,NA,NA,NA,NA,NA,NA,NA,NA,NA,NA,NA,NA,NA,NA,81.8498097,NA,NA,NA,NA,NA,NA,NA,NA,NA,NA,NA,NA,NA,NA,NA,NA,NA,NA,NA,NA,59.88425707,NA,46.07729753,72.80456826,NA,NA,NA,NA,NA,NA,NA,NA,41.19337167,NA,NA,NA,NA,NA,NA,NA,NA,NA,NA,NA,NA,NA,NA,21.4059897,108.186281,NA,NA,NA,NA,29.65099276,NA,NA,NA,NA,NA,NA,NA,NA,NA,NA,NA,NA,NA,NA,NA,NA,NA,NA,NA,NA,NA,NA,NA,NA,NA,NA,NA,NA,NA,NA,NA,NA,NA,NA,NA,NA,NA,NA,NA,NA,NA,NA,NA,NA,NA,46.67830423,NA,NA,NA,NA,320.2670265,NA,NA,NA
1982,NA,NA,NA,NA,NA,31.22704567,NA,152.9274426,NA,NA,NA,NA,NA,35.56960787,NA,61.60974308,NA,NA,NA,NA,NA,NA,NA,NA,NA,NA,NA,NA,NA,NA,68.08354613,NA,NA,NA,NA,NA,NA,NA,NA,NA,NA,NA,NA,NA,NA,NA,NA,NA,NA,NA,NA,44.85282841,NA,49.70394365,83.27278193,NA,NA,NA,NA,NA,NA,NA,NA,33.06292679,526.6073865,NA,NA,NA,NA,NA,NA,NA,NA,NA,714.1069263,NA,NA,NA,31.92387868,95.19516896,NA,NA,NA,NA,24.62631641,NA,NA,NA,NA,NA,NA,NA,NA,NA,NA,NA,NA,NA,NA,NA,NA,369.3410341,NA,NA,NA,NA,NA,NA,NA,NA,NA,NA,NA,NA,NA,NA,NA,NA,NA,NA,NA,NA,NA,NA,NA,NA,NA,NA,NA,NA,41.2794661,NA,NA,NA,NA,102.8668204,NA,NA,NA
1983,NA,NA,NA,NA,NA,30.5194084,NA,55.82423457,NA,NA,NA,NA,NA,43.28698668,NA,48.69248571,NA,NA,NA,NA,NA,NA,NA,NA,NA,NA,NA,NA,NA,NA,48.12989812,NA,NA,NA,NA,NA,NA,NA,NA,NA,NA,NA,NA,NA,NA,NA,NA,NA,NA,NA,NA,57.53471981,NA,44.63649925,67.89928311,NA,NA,NA,NA,NA,NA,NA,NA,44.05441548,154.943336,NA,NA,NA,NA,NA,NA,NA,NA,NA,148.2093846,NA,NA,NA,47.88351051,85.26167331,NA,NA,NA,NA,32.04813283,NA,NA,407.8463797,NA,NA,NA,NA,NA,NA,NA,NA,NA,NA,NA,NA,NA,78.17212831,NA,NA,NA,NA,NA,NA,NA,NA,NA,NA,NA,NA,NA,NA,NA,NA,NA,NA,359.8017179,NA,NA,NA,NA,NA,NA,NA,NA,NA,42.06429226,NA,NA,NA,NA,95.06393617,NA,NA,NA
1984,NA,NA,NA,NA,NA,30.28764227,NA,43.25585656,NA,NA,NA,NA,NA,37.05111064,NA,55.36256434,NA,NA,558.9405692,NA,NA,NA,NA,NA,NA,NA,NA,NA,NA,NA,53.38649528,NA,NA,NA,NA,NA,NA,NA,NA,NA,NA,NA,NA,NA,NA,NA,NA,NA,NA,NA,NA,54.69115888,NA,60.15622247,60.58598963,NA,NA,NA,NA,NA,NA,NA,NA,53.38640617,89.35762618,NA,NA,NA,NA,NA,NA,NA,NA,NA,79.5779884,NA,NA,NA,32.8980888,61.58996318,NA,NA,NA,NA,36.2658982,NA,NA,193.3072217,NA,NA,NA,NA,NA,NA,NA,NA,NA,NA,NA,NA,NA,74.55505036,NA,NA,NA,NA,NA,NA,NA,NA,NA,NA,NA,NA,NA,NA,NA,NA,NA,NA,109.5434737,NA,NA,NA,NA,NA,NA,NA,NA,NA,41.37453315,NA,NA,NA,NA,110.8198372,NA,NA,NA
1985,NA,NA,NA,NA,NA,33.13538361,NA,59.04186185,NA,NA,NA,NA,NA,32.08808519,NA,49.82028116,NA,NA,165.9402895,NA,NA,NA,NA,NA,NA,NA,NA,NA,NA,NA,48.24192211,NA,NA,NA,NA,NA,NA,NA,NA,NA,NA,NA,NA,NA,NA,NA,NA,NA,NA,NA,NA,85.56239206,NA,40.45952607,52.79753976,NA,NA,NA,NA,NA,NA,NA,NA,46.89058834,49.6531462,NA,NA,NA,NA,NA,NA,NA,NA,NA,91.58087689,NA,NA,NA,40.68188657,63.43134332,NA,NA,NA,NA,27.07070396,NA,NA,89.30455866,NA,NA,NA,470.1685547,NA,NA,NA,NA,NA,NA,NA,NA,NA,62.56708303,NA,NA,NA,NA,NA,NA,NA,NA,NA,NA,NA,NA,NA,NA,NA,NA,NA,NA,76.42287726,NA,NA,NA,NA,NA,NA,NA,NA,NA,36.96739912,NA,NA,NA,NA,61.12135069,NA,NA,NA
1986,463.2546443,NA,NA,NA,NA,31.51432169,NA,39.18050854,NA,NA,NA,NA,325.62004,36.66101371,NA,44.65346799,NA,NA,75.29398663,NA,NA,NA,NA,NA,NA,NA,NA,NA,NA,NA,32.15579344,NA,NA,NA,NA,NA,NA,NA,NA,NA,NA,NA,NA,NA,NA,NA,NA,NA,NA,NA,NA,43.88636426,NA,48.40967051,73.7898736,NA,NA,NA,NA,NA,NA,NA,NA,34.11043719,65.19474312,NA,NA,NA,NA,NA,NA,NA,NA,NA,87.22397739,NA,NA,NA,36.04613928,35.18197098,NA,NA,NA,NA,16.91064767,NA,NA,76.8418751,NA,NA,NA,230.2868466,NA,NA,NA,NA,NA,NA,NA,NA,NA,68.85190552,NA,NA,NA,NA,NA,NA,NA,NA,NA,NA,NA,NA,NA,NA,NA,NA,NA,NA,45.6212176,NA,NA,NA,NA,NA,NA,NA,NA,NA,33.85151571,NA,NA,NA,NA,64.07058172,NA,NA,NA
1987,185.3385313,NA,NA,NA,NA,31.23370633,NA,38.82986838,NA,NA,NA,NA,174.8811111,27.47330125,NA,47.70912454,NA,NA,52.44127158,NA,NA,415.1691251,NA,NA,NA,NA,NA,NA,NA,NA,31.97566308,NA,NA,NA,NA,NA,NA,NA,NA,NA,NA,NA,NA,NA,NA,383.5025239,NA,NA,NA,NA,NA,58.70726549,NA,49.5604911,59.84378983,NA,NA,NA,NA,489.1350907,NA,NA,NA,30.21432835,47.58889843,NA,NA,NA,NA,NA,NA,NA,NA,NA,90.24688711,NA,NA,NA,22.58528497,55.95508376,NA,NA,NA,NA,32.03719845,NA,NA,53.21152014,NA,NA,NA,90.1441459,NA,NA,NA,NA,NA,NA,NA,NA,NA,47.16509126,NA,NA,NA,NA,NA,NA,NA,NA,NA,NA,NA,NA,NA,NA,NA,NA,NA,NA,61.70023456,NA,NA,NA,NA,NA,NA,NA,NA,NA,39.69892738,NA,NA,NA,NA,72.23828908,NA,NA,NA
1988,108.5461948,305.7573818,NA,NA,NA,28.55456786,NA,35.67029353,NA,NA,520.266671,NA,131.8988466,33.16747523,NA,49.54354554,NA,NA,60.40339045,NA,NA,139.6094311,NA,NA,NA,NA,NA,NA,NA,NA,31.97210359,NA,NA,NA,NA,NA,NA,NA,NA,NA,NA,NA,NA,NA,NA,147.4551605,NA,NA,NA,NA,NA,66.29959418,NA,51.52507754,51.35802428,NA,NA,NA,NA,112.159339,NA,NA,NA,35.49233365,54.36642627,NA,NA,NA,NA,NA,NA,NA,NA,NA,56.58206819,NA,NA,NA,26.96809326,35.32414234,NA,NA,NA,NA,28.26902868,NA,NA,65.59540121,NA,NA,NA,101.3745101,NA,NA,NA,NA,NA,NA,NA,NA,NA,63.3980315,NA,NA,NA,NA,NA,NA,NA,NA,NA,NA,NA,NA,NA,NA,NA,NA,NA,NA,45.24817756,NA,NA,NA,NA,NA,NA,NA,NA,NA,30.58836477,NA,NA,NA,NA,59.89443132,NA,NA,NA
1989,80.66846148,156.628076,NA,NA,NA,36.89335328,NA,28.30945021,NA,NA,134.605619,370.1073926,121.7681547,35.13316193,NA,50.5846721,NA,NA,59.26774482,NA,NA,103.9616566,NA,NA,NA,NA,NA,NA,NA,NA,44.56882026,NA,NA,NA,NA,NA,NA,NA,NA,NA,NA,NA,NA,NA,NA,99.04823142,NA,NA,NA,NA,NA,60.30208929,NA,40.39781783,35.06688781,NA,NA,NA,NA,68.8517451,NA,NA,NA,54.35751879,63.07537641,NA,NA,NA,464.7170272,NA,NA,NA,NA,516.8799497,56.26713835,NA,NA,NA,25.49446236,32.68940354,NA,NA,NA,NA,24.12443527,NA,NA,62.8013822,NA,NA,NA,70.57599963,NA,NA,NA,NA,NA,NA,NA,NA,NA,66.74965169,NA,NA,NA,NA,NA,NA,NA,480.8571596,NA,NA,NA,NA,NA,NA,NA,NA,NA,NA,34.09910151,NA,NA,NA,NA,NA,NA,NA,NA,NA,30.13692396,NA,NA,NA,NA,51.8736011,NA,NA,NA
1990,69.91921615,87.95950782,NA,NA,NA,34.19233292,NA,43.50960179,NA,NA,106.1091211,154.4096947,84.19868226,29.02051023,NA,42.15255018,NA,NA,54.58054295,NA,NA,86.87398477,NA,NA,NA,NA,NA,NA,NA,NA,35.96766624,291.2653245,NA,NA,NA,NA,NA,359.373036,NA,NA,NA,NA,NA,NA,NA,110.8992827,NA,NA,NA,NA,NA,62.31998641,NA,33.41009153,38.11899319,NA,NA,NA,NA,72.12327095,NA,NA,NA,25.62033852,39.07748403,NA,NA,NA,137.8583664,NA,NA,NA,NA,132.5117444,43.22716545,NA,NA,NA,23.45898124,31.16520225,NA,342.231232,NA,NA,27.31686531,NA,NA,50.18656478,NA,NA,NA,69.41812285,NA,NA,NA,NA,NA,521.589533,NA,NA,NA,49.87734657,NA,NA,NA,NA,NA,NA,NA,164.1628874,NA,NA,NA,NA,NA,NA,NA,NA,NA,NA,48.22681896,NA,NA,NA,NA,NA,NA,NA,NA,NA,36.21985071,NA,NA,NA,NA,63.43583806,NA,NA,NA
1991,57.78078525,102.2967009,NA,NA,NA,32.94772501,NA,36.0997234,NA,NA,66.75849756,96.66851339,55.70709739,31.55477586,NA,49.76855288,NA,NA,52.56054216,NA,NA,41.07303253,NA,NA,NA,NA,NA,NA,NA,NA,43.06160377,123.8203963,NA,NA,NA,NA,NA,118.4763466,NA,NA,NA,NA,NA,NA,NA,124.3239412,NA,NA,NA,NA,NA,48.12969725,NA,35.05232814,42.92009963,NA,NA,NA,NA,108.584142,NA,NA,NA,30.18332374,31.6999102,NA,NA,NA,147.576235,NA,NA,NA,NA,109.9423028,56.8641343,NA,NA,NA,29.8397698,43.0645347,NA,162.0492862,NA,NA,32.72877387,NA,NA,32.55354904,NA,NA,NA,64.10298418,NA,NA,NA,NA,NA,164.3202212,NA,NA,NA,39.37826616,NA,NA,NA,NA,NA,NA,NA,88.02281065,NA,NA,NA,NA,NA,NA,NA,NA,NA,NA,49.100144,NA,NA,NA,NA,NA,NA,NA,NA,NA,57.19197179,NA,NA,NA,NA,62.37910725,NA,NA,NA
1992,56.62947318,70.55905141,NA,NA,NA,40.84268187,NA,30.99924244,NA,NA,62.7915244,68.06946765,62.31198628,28.26448851,NA,60.123058,NA,NA,58.13542634,NA,NA,50.30028956,NA,NA,NA,NA,NA,NA,NA,NA,31.0585984,71.40903325,NA,NA,NA,NA,NA,99.5416922,NA,NA,NA,NA,NA,349.2980665,NA,80.08992786,NA,NA,NA,NA,NA,48.48696672,NA,33.67999657,47.50770565,NA,NA,NA,NA,46.35088438,NA,NA,NA,28.14403237,39.37130413,NA,NA,NA,65.09192238,NA,NA,NA,NA,68.83946521,64.6665541,NA,NA,NA,30.43095941,44.86323782,NA,52.01988248,NA,NA,17.40759678,NA,NA,55.33961277,NA,NA,NA,39.30848457,NA,NA,NA,NA,NA,118.64495,NA,NA,NA,37.04562392,NA,NA,NA,NA,NA,NA,NA,59.88300526,NA,NA,NA,NA,NA,NA,NA,NA,NA,NA,43.78097552,NA,NA,NA,NA,NA,NA,NA,NA,NA,65.44987879,NA,NA,NA,NA,37.60862766,NA,NA,NA
1993,53.76944768,56.30241603,NA,NA,NA,43.77842765,NA,34.76298461,NA,NA,47.99861154,59.08723319,52.00346965,31.96149154,NA,57.56222788,NA,NA,59.3157641,NA,NA,44.16857807,NA,NA,NA,NA,NA,NA,NA,NA,31.70094306,60.64237422,NA,NA,NA,NA,NA,87.95873941,NA,NA,NA,NA,NA,131.3630193,NA,60.25848541,NA,NA,NA,NA,NA,54.23507544,NA,40.63959776,47.03665757,NA,NA,449.5371061,NA,61.95938617,NA,NA,NA,27.83730979,43.17324073,NA,NA,NA,54.09444776,NA,NA,NA,NA,75.99474528,41.31877517,NA,NA,NA,30.66229677,27.43769516,NA,46.04429285,NA,NA,36.63770579,NA,NA,38.42515453,NA,NA,NA,43.93089682,NA,NA,NA,NA,NA,107.3125027,NA,NA,NA,45.0078784,NA,NA,NA,NA,NA,NA,NA,73.98591503,NA,NA,NA,NA,NA,NA,NA,NA,NA,NA,38.04291853,NA,NA,NA,NA,415.583577,NA,NA,NA,NA,36.01215308,NA,NA,NA,NA,27.44413431,NA,NA,NA
1994,43.68434031,50.69662366,NA,NA,NA,41.72244516,NA,29.55148913,NA,NA,52.57507716,46.03469657,57.80790995,25.86083693,NA,41.65456384,NA,NA,50.74043372,NA,NA,50.27880469,NA,NA,NA,NA,NA,NA,NA,NA,42.12707327,83.90909154,NA,NA,NA,NA,NA,48.70328318,NA,NA,NA,NA,NA,76.47600219,NA,58.62706912,NA,NA,NA,NA,NA,45.10451674,NA,43.24785408,43.64459333,NA,NA,137.3643076,NA,58.95427975,NA,NA,NA,30.95082344,34.24198087,NA,NA,484.5256214,73.89489482,NA,NA,NA,NA,94.29673842,37.14859819,NA,NA,NA,25.45887878,34.52753131,NA,60.83170982,NA,NA,28.06735043,NA,NA,41.90837567,NA,NA,NA,47.46051151,NA,NA,NA,NA,NA,118.1775403,NA,NA,NA,49.87727871,NA,NA,NA,NA,NA,NA,NA,53.24848338,NA,NA,NA,NA,NA,NA,NA,NA,NA,NA,38.53595908,NA,NA,NA,NA,124.185379,NA,NA,NA,NA,37.38755113,NA,NA,NA,NA,38.94530764,NA,NA,NA
1995,58.94147667,46.30870395,NA,432.3891497,NA,36.15284837,NA,36.5884601,NA,NA,46.26283857,53.62999263,47.20342109,26.33302655,NA,57.62823403,NA,NA,75.04587509,NA,NA,72.61679054,NA,NA,NA,NA,NA,NA,NA,NA,41.88481514,45.10751434,NA,NA,NA,NA,NA,49.90998129,NA,NA,434.0641182,NA,NA,79.96468805,NA,54.53931886,NA,NA,NA,NA,NA,45.42224422,NA,30.34407304,48.85920735,NA,NA,87.66302141,NA,67.53455797,NA,NA,NA,33.07644153,30.60416919,NA,NA,101.5857092,59.56440768,NA,NA,NA,NA,52.58043496,35.06173628,NA,NA,NA,30.11779807,36.62553783,NA,68.74781068,353.8067062,NA,27.1559052,NA,NA,39.94004008,NA,NA,NA,39.16483135,NA,NA,NA,NA,NA,91.81363922,NA,NA,NA,40.65897386,NA,NA,NA,NA,NA,NA,NA,42.12981395,NA,NA,NA,NA,NA,NA,NA,NA,NA,NA,34.83064059,NA,NA,NA,NA,104.7061003,NA,NA,NA,NA,29.76159478,NA,NA,NA,NA,30.9610588,NA,NA,NA
1996,41.91787307,49.21754733,NA,176.0974051,NA,26.2708768,NA,24.08817669,NA,NA,39.47283102,43.15001122,38.46135648,25.58628167,NA,53.05007829,NA,NA,40.15846918,NA,NA,54.58395045,NA,NA,NA,NA,NA,NA,NA,NA,33.91896546,58.15183895,NA,NA,NA,NA,NA,61.62093194,NA,NA,126.9156759,NA,NA,72.2961844,NA,47.18410191,NA,NA,NA,NA,NA,38.25404608,356.9073262,43.08553931,40.14966834,NA,NA,93.94059417,NA,53.22785564,NA,NA,NA,26.82752886,36.67294691,NA,NA,83.37523059,69.99157169,NA,NA,NA,NA,38.47930259,44.7447953,NA,NA,NA,21.29005621,43.49401386,404.6809009,51.9190253,182.4872272,NA,34.10902358,NA,NA,46.67982336,NA,NA,NA,36.99293439,NA,NA,NA,NA,NA,89.16323636,NA,NA,NA,53.36813036,NA,NA,NA,NA,NA,NA,NA,54.29637384,NA,NA,NA,NA,NA,NA,NA,NA,NA,NA,40.55146981,NA,479.0742191,NA,NA,97.26939521,NA,NA,NA,NA,40.96155043,NA,NA,NA,NA,23.93660833,NA,NA,NA
1997,43.10822995,41.84288521,NA,82.56832669,NA,30.77639565,NA,24.05567889,NA,NA,39.0305408,60.91950315,52.97363787,25.67978443,461.7852502,53.41774027,NA,NA,35.69180096,NA,NA,58.64333574,NA,NA,NA,379.4108049,NA,312.3015573,NA,NA,34.85126583,47.14611067,NA,NA,NA,NA,NA,64.60213799,NA,NA,120.9981476,NA,NA,50.89761768,NA,44.26794398,NA,NA,NA,NA,NA,41.90953996,92.67916377,33.91290557,37.38525077,NA,NA,93.09080686,NA,39.42738363,NA,NA,NA,26.32427976,32.30323884,NA,NA,98.08148746,51.60589328,NA,NA,NA,NA,42.86667783,40.3693169,NA,NA,NA,32.57538314,26.06869822,169.6889521,32.78876599,109.0569097,NA,28.0367531,NA,NA,37.77608413,NA,NA,NA,54.18538236,NA,NA,NA,NA,NA,69.41636362,NA,NA,NA,55.0825592,NA,NA,NA,NA,376.3862661,NA,NA,55.94867922,NA,NA,NA,NA,NA,NA,NA,NA,NA,NA,50.5389587,NA,203.5670792,NA,NA,77.24597324,NA,NA,NA,NA,39.30547244,NA,NA,NA,NA,41.11893542,NA,NA,NA
1998,45.7868127,44.69982296,NA,57.29375108,NA,31.078479,NA,13.80229444,513.9441688,NA,40.76527655,54.56895118,47.18217273,24.09452093,126.3079099,38.87056959,NA,NA,41.91246722,NA,NA,42.67088843,NA,NA,NA,136.1295051,NA,105.8284814,NA,NA,29.42976084,52.74993119,453.7754867,NA,NA,NA,NA,56.3406638,NA,NA,91.90408791,NA,NA,56.16899677,413.8809559,44.13401402,NA,NA,NA,NA,NA,32.68054784,89.42374332,27.04106493,52.89916288,NA,NA,72.55662136,NA,35.98870344,384.1034634,NA,NA,31.76928973,43.53304889,NA,NA,92.60704606,54.64044496,NA,NA,NA,NA,37.42999384,26.62673266,NA,NA,NA,21.45746933,31.57408018,127.4323177,51.7963374,80.58665114,NA,32.3061034,NA,NA,20.37829829,NA,NA,NA,38.52608881,NA,NA,NA,NA,NA,50.86640458,NA,NA,NA,43.89471737,NA,NA,NA,NA,127.6668961,NA,NA,38.96141172,NA,NA,NA,NA,NA,NA,NA,NA,NA,NA,69.03303356,NA,122.2561802,557.755084,NA,63.21584625,NA,NA,NA,NA,39.1433241,NA,NA,NA,NA,46.12454101,NA,NA,NA
1999,40.8000513,39.18096756,NA,56.74766965,NA,41.99548376,NA,15.59843789,209.4572953,NA,52.17689071,39.95601207,35.47458696,42.28243486,64.15359444,53.546638,NA,NA,53.01582558,NA,NA,30.55422676,388.4792223,NA,NA,96.9838694,NA,65.64385869,NA,NA,33.32362832,52.17705419,149.7442782,NA,NA,NA,NA,60.06406271,NA,NA,80.14073758,NA,NA,49.13229319,123.2442072,68.37440985,NA,NA,NA,NA,NA,38.92342342,92.02331662,29.64915189,49.25726149,NA,NA,64.68102374,NA,55.8138951,110.0430944,NA,NA,23.61047747,30.64499551,NA,NA,98.8869514,50.16107419,NA,NA,NA,NA,45.08825519,38.39380205,NA,NA,NA,29.99740154,35.19491241,94.65172606,38.86397275,71.40786306,NA,27.70124663,NA,NA,39.89220723,NA,NA,NA,47.92769741,NA,NA,NA,NA,NA,68.26807317,NA,NA,NA,51.95813338,NA,NA,NA,NA,101.0290692,NA,NA,42.94876925,NA,NA,NA,NA,NA,NA,NA,NA,NA,NA,54.52016636,NA,98.46730191,155.7000678,NA,45.44101311,NA,NA,NA,NA,31.45381542,NA,NA,NA,NA,30.34057063,551.095231,NA,NA
2000,38.90281823,40.21769589,NA,52.50159356,NA,27.94320292,NA,20.91015943,95.07899717,NA,58.22345092,42.27410279,39.60393284,27.57108474,75.28557733,47.29687119,NA,NA,44.26051813,NA,NA,38.92081158,123.647152,NA,NA,81.12147173,NA,86.34510481,NA,NA,30.82502227,45.22016762,131.0018712,NA,NA,NA,NA,49.2097809,NA,NA,76.18836705,427.153169,NA,57.92194862,117.4509389,52.03555072,NA,NA,317.0233536,NA,NA,35.75650894,83.09027933,26.10279334,48.45296648,NA,NA,62.11945203,469.8797684,52.41451452,99.83029259,394.3365588,NA,27.23314694,31.30231518,NA,NA,60.7952206,40.88289368,NA,NA,NA,NA,43.61220975,47.7118908,NA,NA,NA,29.40514431,34.7357447,91.83800157,36.44967833,56.36697836,NA,30.27274069,NA,493.3980048,41.43817608,NA,NA,NA,38.13612571,NA,NA,NA,NA,NA,58.38708852,NA,NA,NA,39.56076008,NA,NA,NA,NA,70.71091884,NA,NA,45.7525534,NA,NA,NA,NA,NA,NA,NA,NA,NA,NA,36.28786557,NA,57.96105879,108.2529002,NA,52.28441299,NA,469.5780341,NA,NA,34.08371144,NA,NA,NA,NA,47.93500477,137.9380759,NA,NA
2001,39.02952887,40.56818791,NA,38.7441214,NA,29.90783033,NA,24.82075678,77.42290765,NA,49.82031023,53.6030823,36.94018857,32.81262618,74.56453292,39.95525799,NA,NA,48.75976111,NA,NA,33.692824,90.73026856,NA,485.3666212,64.57209144,359.0366984,58.21481956,NA,NA,38.82171087,52.16412446,110.8239244,NA,NA,NA,NA,38.28505025,NA,NA,72.86702625,158.8862821,NA,63.36539188,96.28066155,36.71727447,NA,NA,126.8113207,NA,NA,34.8682112,60.04818863,30.67827032,26.90439006,NA,NA,54.9089823,193.9377186,48.25286186,81.81033189,99.70743962,NA,24.25435772,38.41560861,NA,NA,50.0342337,26.5459915,NA,NA,NA,NA,38.60518063,36.67618452,NA,NA,NA,21.24519553,30.44315077,66.865857,35.89135914,67.45710625,NA,33.95410417,NA,150.794971,48.99987089,NA,NA,NA,29.84381095,NA,NA,NA,NA,NA,57.66748095,NA,NA,NA,39.22050375,NA,NA,NA,NA,68.62797189,NA,NA,46.04428487,NA,NA,NA,NA,NA,NA,NA,NA,NA,NA,45.95590007,NA,71.96115466,77.76515525,NA,47.39393923,NA,110.6381263,NA,NA,33.63625255,NA,NA,NA,NA,38.10505889,73.48190791,NA,NA
2002,48.21288596,44.54714181,NA,55.88994368,NA,32.76391622,NA,29.83069503,72.41456018,NA,47.19055464,34.9367894,37.88735481,34.3086687,69.19741082,46.78117324,NA,NA,49.44758723,NA,NA,28.45175978,87.03430471,NA,138.5921166,55.85850032,119.3628532,59.36903103,NA,NA,43.95472811,45.65793698,69.7741604,NA,NA,NA,NA,39.46198894,NA,NA,54.7832575,108.3801539,NA,63.69089645,79.90500867,44.85093184,NA,NA,106.8095054,NA,NA,44.06872505,52.47067519,29.1231018,27.2214329,NA,NA,54.0251579,127.4387935,52.08801126,66.64346885,77.75457433,NA,24.09761246,23.39747735,NA,NA,48.81599711,24.65214753,NA,NA,NA,NA,39.11227154,48.86501472,NA,NA,NA,31.86199661,28.20543829,46.09947536,37.11718202,48.46586789,NA,35.46706043,NA,89.80358338,30.81686425,NA,NA,NA,44.46221048,NA,NA,NA,NA,NA,47.77236525,NA,NA,NA,28.98651338,NA,NA,NA,NA,62.58249643,NA,NA,39.86815734,NA,NA,NA,NA,NA,NA,NA,NA,NA,NA,43.04546012,NA,86.03198265,63.58100652,NA,51.13339282,NA,79.12784835,NA,NA,45.79976225,NA,NA,NA,NA,39.22412466,72.79307443,NA,NA
2003,34.22507684,35.30538771,NA,35.79266878,NA,21.66077784,NA,33.28451894,51.78901744,NA,35.07589374,31.38435861,42.824559,26.51985228,71.71896809,42.43401597,NA,NA,43.66248786,395.0260323,NA,37.978874,82.77751437,NA,102.8741743,52.63545112,72.01120723,42.55222613,NA,NA,39.32521965,47.97250717,56.58848466,NA,NA,NA,NA,42.26043809,NA,NA,46.01221204,102.3141258,NA,53.9839649,49.70895706,46.19362912,NA,NA,74.00607614,NA,NA,43.24712162,60.68983674,38.09846426,44.03263402,NA,NA,54.06393833,81.56057557,44.01708351,51.95108926,64.23957519,NA,27.46373044,32.9108397,NA,NA,47.86056437,28.44572911,NA,NA,NA,543.5341831,33.84805437,39.6038859,NA,443.1974022,NA,29.99190377,29.48318443,49.97602937,37.06695107,74.0177307,NA,25.38822256,NA,71.93938314,26.93623679,NA,NA,NA,37.9301315,NA,NA,NA,NA,NA,57.22494509,NA,NA,NA,41.43682918,NA,NA,NA,NA,56.95328068,NA,NA,45.2217603,NA,NA,NA,NA,NA,NA,NA,NA,NA,NA,47.12119384,NA,68.30818572,60.51376017,NA,50.08858983,NA,77.13576769,NA,NA,44.14050286,NA,NA,NA,NA,30.03644614,88.34905151,NA,NA
2004,35.40527072,36.16861911,NA,32.78474498,NA,34.01764505,NA,21.58974351,54.90502767,442.4224596,40.37905709,47.27141856,43.15417997,39.56903451,69.78539934,41.26714563,NA,NA,51.84413112,138.1446764,NA,62.44355792,62.33822608,NA,107.8108094,54.37286864,50.17847267,42.45743387,NA,NA,34.16191764,37.11148091,50.15444303,NA,NA,431.7960517,427.204135,44.96267501,NA,NA,63.80658499,73.17753616,431.4414349,61.43969652,61.08173775,55.82131725,NA,NA,50.06765189,NA,NA,42.33162316,64.31820892,29.40897041,26.97870101,NA,NA,49.54444138,56.33230605,52.83862278,77.46719847,53.64622001,NA,28.66684806,36.73172075,NA,NA,51.77892477,16.43052976,NA,NA,NA,203.2079205,39.19255301,44.10179042,NA,95.20797549,NA,42.31011227,21.74134609,56.46307256,37.84661437,60.19056469,NA,34.22899939,NA,70.7529179,39.08910036,NA,NA,NA,38.22705775,NA,NA,NA,NA,NA,36.34137783,NA,NA,NA,22.03046439,NA,NA,NA,NA,37.89125354,NA,NA,30.36912108,NA,NA,NA,NA,NA,NA,NA,NA,NA,NA,44.01678209,NA,59.82834561,67.0383373,528.1148894,55.29450502,513.3410027,81.02801303,NA,NA,51.65146848,NA,NA,NA,NA,29.85182502,79.36906109,NA,NA
2005,31.90186838,51.78621332,NA,33.62394035,NA,31.87084488,NA,26.62071814,53.97479719,183.7923579,49.17873748,52.54204404,36.96712973,31.38666875,60.03340297,58.49601938,NA,NA,31.40365449,138.4953777,NA,33.31226978,43.3573815,NA,80.90474571,59.5468731,41.86578082,42.8233018,NA,NA,44.63978892,48.88528672,50.93986082,NA,371.216496,105.2490045,103.997987,43.43657385,NA,NA,74.11204456,95.15347404,94.98088842,74.04700979,69.23138462,41.15111108,NA,NA,40.50728927,NA,NA,47.38666157,58.42592131,43.08428357,27.57732779,NA,NA,67.45734075,67.75923948,43.60518046,61.56135226,64.60126187,NA,24.02397043,29.79008707,NA,NA,45.80946386,22.05269446,NA,NA,NA,128.768151,27.94673951,39.18605835,NA,67.53511916,NA,29.88003017,28.53379647,36.82802397,31.73104646,49.7617284,NA,24.61231481,NA,41.14913593,36.07391829,NA,NA,NA,37.38023073,NA,NA,NA,NA,NA,38.89814447,NA,NA,NA,31.9750714,NA,NA,NA,NA,38.57569999,NA,NA,35.45871618,495.9001958,NA,NA,NA,NA,NA,NA,NA,NA,NA,36.21584695,NA,53.6220874,65.14062101,155.9900883,48.24325796,114.516287,87.87852884,434.7776001,NA,42.29946605,499.9293985,NA,NA,NA,40.52876185,40.56465748,NA,NA
2006,48.34213572,36.42730805,371.9337352,44.76884544,425.221049,28.52988933,NA,25.20666749,48.31772221,105.0457519,48.07952842,46.93951203,37.19948335,40.36581124,31.48480343,54.2071086,NA,383.0883663,34.86438705,74.89787143,NA,51.31785473,75.56928225,NA,111.4204534,64.77566079,54.44219114,53.60016345,NA,NA,46.28576051,52.29662686,65.71416155,NA,133.4465276,114.8618789,101.1882691,55.27534377,NA,NA,61.59085457,68.5292725,100.1235938,40.08195192,53.58669016,46.94765961,NA,450.2990547,62.44514618,NA,449.4294564,35.863063,57.05381112,35.63168949,42.41606046,NA,NA,59.49530703,52.96460613,46.96481094,60.44079939,77.35154071,NA,30.97352802,37.64064439,NA,NA,43.16466704,29.00589121,NA,NA,NA,90.94881834,40.8688363,47.74738787,NA,57.6911355,NA,28.76560141,35.64348692,43.85887731,36.52878026,52.16240654,NA,34.20865058,NA,38.90341137,26.00751478,NA,NA,NA,30.32413258,NA,NA,NA,NA,NA,34.72555582,NA,NA,NA,27.90957477,NA,NA,NA,NA,42.4102013,NA,NA,49.99444665,147.8899305,NA,NA,NA,NA,NA,NA,NA,NA,NA,52.17579852,NA,44.77060809,40.97101575,101.0965628,51.73102367,82.97327559,84.14303255,114.3904903,NA,48.04706458,147.5049595,330.7504973,NA,NA,35.03660831,39.36244056,NA,NA
2007,29.61738544,37.94637605,212.6132159,35.31878685,176.8281285,31.62861587,NA,26.10029767,46.60656234,73.0805846,39.58543626,39.05157859,38.92538983,33.17905438,41.86715596,45.02005282,415.6451176,122.8813565,40.96458289,54.52885025,514.7740083,34.49063464,64.21031008,NA,97.07939923,43.04522011,56.30582388,66.37280342,NA,NA,26.89397593,65.95517206,56.81356306,NA,99.28689615,69.3898859,82.12231794,55.71930593,NA,360.9291415,64.16684528,56.84501797,75.11836688,43.51747092,63.4381305,41.8818074,NA,166.8970415,47.86205539,NA,173.3960755,58.77872789,55.96852298,41.89486961,44.41979697,NA,NA,55.63886751,43.03611474,48.84138061,63.05981371,55.82197403,NA,24.82992529,32.23109811,NA,NA,34.42171614,36.8649337,NA,NA,574.2755273,68.83327483,35.32681802,50.00658609,NA,66.4976424,NA,31.43074101,25.92791511,32.19657463,32.29565286,57.28424255,NA,26.92063844,NA,40.73557159,19.58770277,362.7978959,NA,NA,41.54932934,NA,NA,NA,NA,NA,35.32441564,NA,NA,NA,39.62236607,NA,NA,NA,NA,45.752874,NA,NA,59.24957647,87.09096943,NA,NA,NA,NA,NA,NA,NA,NA,NA,42.43363532,NA,40.45306514,44.27756312,74.12522812,47.88473631,80.45913769,55.21211915,85.64762234,NA,27.23992251,76.79717527,88.62060471,NA,NA,35.55803879,35.04313914,NA,NA
2008,27.0497868,42.10824037,87.29690137,48.74850057,103.7105107,31.03059931,NA,28.07413804,36.623965,61.86594842,39.46770264,40.43216936,42.02268215,36.20254696,44.92757538,61.28548548,126.437694,111.9166011,41.04062676,70.34231116,159.8606901,37.5388114,58.19226615,413.1134297,68.68584256,52.23166061,78.67562445,58.28041107,343.4305089,NA,24.89891323,52.59729387,78.12148574,NA,86.7341726,91.74920449,106.4070577,53.68504836,NA,111.0794842,46.83436331,60.01419166,71.1268436,49.97297633,44.67523272,46.24127772,422.1919793,109.5580456,41.74600736,NA,129.9166993,44.72345513,51.85755244,31.38824998,29.90297988,NA,410.2276668,49.72163666,42.40704344,46.2622584,66.20914356,38.44087576,NA,29.90440283,33.86982216,NA,NA,42.66954514,29.83310796,NA,NA,144.8250869,62.00585101,34.31530297,31.39327419,NA,45.20635013,NA,25.8409683,28.87579329,37.65226264,23.30746267,51.50135086,NA,29.17019764,NA,43.97765894,32.5373505,184.6677137,NA,NA,45.73491453,485.2233656,NA,473.1436237,285.7175199,NA,26.9355206,NA,NA,NA,35.84368321,NA,NA,NA,NA,48.92365486,NA,NA,78.01125971,89.90307443,NA,NA,NA,NA,NA,NA,NA,NA,NA,37.95550312,NA,51.07382716,56.57808688,78.80647891,54.51021778,49.81467929,60.07368591,74.65341057,NA,36.21856827,86.24280239,76.99427291,457.4549662,NA,41.16921362,57.54030417,NA,NA
2009,21.06473002,29.95119008,86.59290578,35.23084684,103.62442,23.48064734,NA,30.58892884,34.11590353,65.6907724,38.61593126,36.89627065,40.83547891,31.20973918,50.66121593,41.23901705,71.80734908,58.34675598,55.71511315,58.08237425,93.32289366,30.48866094,72.63879269,145.1990944,59.56277562,50.68838191,55.07289041,37.96894883,118.2795546,NA,36.77208091,41.22068666,59.30604441,448.7134904,83.84032829,74.71642358,46.74292797,41.11236555,502.7489586,106.6109751,74.98276458,71.98245404,89.97682526,55.05697459,52.61166301,49.76309827,136.9146621,87.63337138,37.64755758,NA,88.59257451,38.05382214,45.82818116,48.22311452,38.03865054,491.9267083,167.6154813,66.00257275,52.28592482,30.5878034,38.29575563,61.3209786,368.8591058,22.65047971,35.2972687,NA,NA,28.87834156,32.29077569,466.1423,NA,92.77508343,50.74242033,35.3391601,29.52284904,NA,47.68930898,NA,26.26461421,42.78057985,44.15915857,34.02590471,47.4137253,NA,33.17023534,NA,39.064412,26.58631412,89.24714986,NA,NA,37.9499872,185.5783634,NA,127.4584918,151.5016145,NA,37.29193637,NA,NA,405.5789623,32.78205664,NA,NA,NA,NA,36.11602569,NA,NA,48.54287359,70.55797861,NA,NA,NA,NA,NA,NA,NA,NA,NA,35.75138185,NA,35.20710728,46.24551651,79.54442931,49.87900081,56.66421223,58.75298102,79.84112472,NA,37.88129617,87.20053009,78.01213588,122.0204883,NA,39.58064556,57.76169804,NA,NA
2010,26.10853168,38.17523194,65.39704415,33.62990237,62.14399821,28.18281406,NA,26.94495144,39.87071721,67.11173874,43.45917014,32.77183571,30.2996647,29.46466632,42.59437042,37.71168432,84.02766262,51.84608305,41.93890756,44.38184693,64.88832255,37.83928775,51.14779384,115.8056185,54.89085893,52.47838063,52.25507712,33.85516486,102.9949927,NA,30.65340949,54.62860424,43.99448132,130.6256204,53.30230622,95.51863807,72.57548045,55.08016828,138.3195133,78.11567549,54.65884555,63.28600288,70.76729328,59.58726903,70.40727365,46.49236203,78.96180723,59.59836753,35.22694808,NA,70.10933187,31.2722964,60.23604912,42.52861781,36.3282066,127.4874983,139.2678088,54.59814191,47.11468934,49.60403119,45.23815802,54.54203424,91.41579042,28.89434574,33.07728526,NA,NA,39.40488219,26.3263772,239.6291536,564.7568953,100.3716524,51.17463347,41.71440507,38.28065456,NA,38.20071892,NA,16.99669355,38.45075583,35.16578046,26.4131996,34.94722756,NA,27.23913112,NA,35.01651633,23.53644782,83.82319409,NA,NA,26.77036914,102.8821801,NA,90.92706377,69.93641359,474.5236639,39.89883977,NA,NA,168.1280357,33.21748456,573.6977252,524.2098463,NA,NA,33.05881793,NA,NA,52.50049736,58.94147057,NA,NA,NA,NA,NA,NA,NA,NA,NA,31.69705728,NA,45.26422055,53.69236253,74.95457006,46.70228434,64.356936,53.70929079,74.66840249,NA,54.5725947,60.04430646,81.30714152,113.6498353,470.2413471,35.14816854,57.9997562,NA,NA
2011,34.29246561,34.7654024,58.78221879,30.06109262,57.0295382,23.52934951,NA,26.99417045,44.75452296,59.96374436,53.04235989,32.83140035,34.58144834,35.7695759,60.41091812,42.93963288,59.6477664,62.70422151,45.09864057,50.95188221,73.53960753,32.25770286,48.43307468,89.61116362,43.31395408,43.20570149,46.67709362,36.22716388,64.34714143,381.8964442,42.48329251,53.56335387,49.53246187,70.28112036,60.3630695,69.17381368,66.10839143,32.65927514,94.83768637,97.26191218,40.37074879,44.87266758,49.15915161,52.09180524,53.72997308,32.26385404,75.7091957,60.69592889,45.40129043,423.177459,61.36201858,48.11183228,54.57870805,41.44779201,51.19402382,60.79017823,109.0688598,37.335925,77.02516847,35.23717435,52.34773534,40.30743255,100.3038491,21.29367194,43.19265012,NA,NA,54.05738286,33.29509021,93.07440357,127.3970943,59.89196702,63.8246222,35.22752206,50.276889,NA,35.65880119,461.0365813,24.55335306,29.93912224,32.98665278,26.09351037,49.27169972,NA,21.68369236,457.2442586,37.33101223,36.57139832,58.32009921,528.1454976,NA,32.31117153,112.6720302,403.6220459,66.05572114,88.7315488,193.7489698,39.52504196,540.5035097,NA,117.4561981,29.84330717,225.5086779,187.0505927,NA,514.0739967,49.99488827,NA,NA,55.93115327,64.18942748,NA,NA,494.6012389,NA,NA,NA,NA,NA,NA,30.02829369,NA,35.70718545,47.30859819,47.13390247,67.82140714,67.64747682,56.35382194,83.06406207,NA,26.78185486,42.19344278,68.8696513,85.58467221,140.3235534,31.68179006,32.13882225,487.2414041,NA
2012,33.73672857,35.75980864,54.07574652,25.36235127,53.36648188,36.73479084,438.2871632,31.50760582,39.28948463,51.91831526,41.68861105,44.73094576,36.95922698,34.64802008,44.63386393,45.59736711,72.6115849,71.95830674,35.68761923,60.37556553,68.12769093,33.09324719,50.73904899,69.96432429,44.46978895,42.37391291,37.31457021,37.07898537,49.81830125,142.7369737,26.41231138,43.48600239,53.06200504,79.27030212,71.05068118,59.52194022,59.77964324,34.07849373,75.94184868,74.81300179,40.24169083,56.68319404,50.78456776,48.83837097,38.46155465,48.70716513,75.82225701,61.99646595,42.82832534,136.4034582,55.57364223,41.9318897,26.80525245,27.23268423,52.80048311,33.06984206,107.4431474,36.18413058,55.46698644,43.504838,61.27167074,43.77360107,85.49215449,24.09391608,29.74084106,574.4687238,505.3650609,42.75804901,26.51492918,78.24316665,111.1479158,81.61685659,38.40996151,32.25981814,37.05107504,550.1228288,29.55961306,190.6675647,15.84613225,26.59232077,41.67243749,26.79984889,37.89282812,NA,28.5475954,126.3296859,39.96357894,21.35985271,54.82013796,146.7051539,426.2766307,38.03674527,87.13673278,180.228929,56.52959817,66.74722204,103.8511254,34.5454542,173.3458544,505.0356521,90.20014969,28.76211055,123.932728,115.8008498,390.0372278,144.5683096,35.31252245,NA,NA,52.93210826,54.37894302,NA,NA,137.8082804,NA,547.227187,524.5628376,NA,NA,NA,31.19459677,471.2829325,39.32086528,39.59145208,43.37711269,62.66607106,78.66350577,62.51625378,63.32993683,536.6355828,39.73011267,55.58092721,65.19235855,100.2791033,87.75463081,33.51442234,43.30288973,138.259204,NA
2013,33.40535341,35.45303602,55.66958055,26.76996021,50.35530577,29.91915877,168.6814897,21.91804536,36.37292248,34.45478174,35.39970334,33.49721733,28.33008096,35.82898932,48.56883537,37.68129817,64.51741492,48.90638154,49.34965346,72.1748935,71.58969497,32.59377185,47.3429505,56.05471624,42.75263173,54.07922061,43.81810848,40.06241789,45.631811,157.7700148,30.64733075,49.70374802,43.93401714,52.60542283,58.9770131,46.7383362,64.16850793,36.13149769,63.47164729,77.96277986,54.17113405,60.1198555,49.62788247,45.38082023,49.72834451,48.47432663,90.79771535,54.78431699,44.19135343,100.8670566,51.68594439,27.78323427,37.94561993,41.05779913,45.39373033,45.16389569,97.16624394,47.25460661,54.98910615,35.72506599,49.59876731,61.14881657,58.81720991,28.43760899,47.73749479,147.421688,129.5676669,45.53278946,30.61477999,65.4273071,60.16237515,87.41153905,45.05133933,31.43275396,34.60373725,207.41535,39.25122939,87.55082226,30.87120843,32.42824124,39.26800683,30.12733588,36.62119134,487.8808685,31.56620124,83.84994394,29.76319521,19.13759191,55.04019133,81.18293702,204.06004,42.68511089,72.72190242,102.3764806,47.28753852,70.01155757,82.00566578,38.57369325,89.31680182,195.2445534,61.07747873,25.5445952,80.99527307,96.36520914,206.0116608,137.1545618,29.73484501,NA,NA,54.1917286,56.522012,538.1740194,418.5631692,116.0928358,NA,140.8241215,169.500864,NA,NA,NA,39.9725595,215.2144002,34.84203846,34.69234663,32.8920093,33.51452317,59.04125087,38.40296982,61.46105187,188.4816951,35.6376569,59.94745884,68.39329978,60.05442931,102.1133063,36.96090928,39.79564119,80.09741461,NA
2014,NA,NA,NA,NA,NA,NA,NA,NA,NA,NA,NA,NA,NA,NA,46.13501574,52.96881497,56.79270285,59.75647063,40.73390187,69.92184482,62.24475551,32.71631129,50.35349914,66.33210461,67.75360295,37.1964086,38.87794215,57.54255488,72.58055807,92.78501672,34.56351506,32.46873176,45.05593049,46.50981413,60.86455615,53.39468152,56.04478792,41.77241494,65.56727432,72.47901101,57.03846238,44.58001187,49.12539778,44.30828396,36.11543572,31.68641788,76.25104212,55.16723981,40.71540623,107.138255,48.31421136,48.61239743,33.08709178,42.78752363,31.91414072,36.45567109,90.59314027,37.18114197,52.19217424,55.11110885,50.73534571,58.72765233,57.83263941,26.06310237,30.29968293,108.7336581,70.53258785,51.39630755,24.97895854,53.67150844,60.81788877,53.98005735,36.0596885,35.97698996,33.48541439,79.32085941,29.55666604,66.155899,30.86941329,27.53705245,41.54329487,36.28277394,39.86886486,156.6440469,24.00598889,53.94438392,37.73741912,21.05326876,62.75702994,74.30008838,117.2843029,38.28442205,67.84106236,83.90982344,59.98443882,70.13273267,65.69713071,26.5504537,105.4418563,85.6295815,66.6079931,34.43209304,73.05566273,83.72936831,101.1837685,85.16722481,33.3809685,517.1929561,525.4633242,47.99143615,50.22397802,188.3381032,188.2742091,111.1530956,NA,97.46531376,137.486972,NA,480.5593889,NA,31.03610201,101.9942028,40.35264333,46.6872666,43.87611926,39.49552341,57.32202365,45.32378959,64.24516729,159.1565666,29.50258752,65.20509629,56.96513427,81.38069254,86.39465327,43.34990783,45.3181503,68.61755183,NA
2015,NA,NA,NA,NA,NA,NA,NA,NA,NA,NA,NA,NA,NA,NA,44.72632203,34.54684266,55.50057876,59.5201089,36.22301871,53.19025157,73.80730602,35.05067588,82.38283911,65.15204324,47.59933611,39.39137083,47.12355976,41.59491625,45.24295496,66.49683099,31.48864549,60.68417848,46.35936209,55.73982688,35.27449511,52.08243164,50.80496644,46.44940759,60.33614003,81.04691369,45.30964154,40.84389374,52.83626699,49.20825333,41.20645129,40.66736537,76.11824242,68.52710658,61.5925414,58.82449677,48.09213365,36.0439961,57.80129233,37.07658612,44.87050654,40.41598784,66.55427784,52.56230691,42.59515465,40.66028459,42.81524567,41.58557913,69.71650038,23.13888404,34.85535228,73.69285173,61.29804846,38.33998965,20.8769964,58.18703795,47.46574406,53.1246096,39.39485679,44.23671688,24.95045784,68.91966036,26.63678167,42.30621845,18.01656126,27.99283963,41.68412193,34.08041798,31.9172679,99.18318207,32.36062446,41.52214341,27.00103408,26.62159976,49.960766,41.90145954,87.18674588,33.45266127,54.92223236,55.24926115,40.16609372,56.70722289,68.48923959,33.99455411,67.65517784,68.63475268,51.25710926,39.17750917,80.31785774,68.50451874,79.59018012,65.12612554,22.50494933,157.4064872,169.3605138,42.13011263,34.54526707,122.156719,86.8915622,63.98066723,437.6827549,71.37952172,111.0138867,511.2710259,164.8559363,439.8354073,29.6371403,69.9373115,44.71722066,40.38080279,45.09779936,41.20952792,52.87598499,42.91732101,46.80192943,119.8447799,27.90994025,45.13839995,55.86084038,64.30968384,79.41127817,32.67407117,38.00872183,65.7150418,559.3165024
2016,NA,NA,NA,NA,NA,NA,NA,NA,NA,NA,NA,NA,NA,NA,48.76781622,46.1514042,44.26232068,54.75823694,34.78171179,50.04696789,67.30608419,37.07699048,49.3541829,71.28596223,38.78965943,49.49780654,35.48641735,41.36839141,46.41843774,65.88511549,32.59380925,37.52331371,44.6547816,46.67063574,54.03852962,48.73426683,66.4908843,33.26895241,56.64985228,82.69082316,31.17509274,38.41086724,47.16838128,53.15473105,44.25492389,41.51419946,62.85098274,51.18225309,34.56282619,62.86889057,49.97769972,50.0634973,32.93740919,32.33960149,45.8510714,35.06900237,55.55206082,37.83030913,38.77907571,46.74137652,36.11342702,42.90304987,69.90639208,26.78688846,35.58438846,77.57433694,71.17313821,29.1678762,29.81669112,53.04206314,45.04792735,48.26585745,32.49769363,32.66199265,32.83688509,67.04391302,26.50825218,39.4613021,24.19952425,23.77384756,28.6586843,36.80901365,45.29884797,65.084876,27.42579504,44.98307947,36.85938236,32.8661054,38.58394887,50.04338461,79.38497466,49.86775137,53.18599487,47.05930024,53.17536254,74.97302404,44.6029725,25.45253938,54.05879774,83.38666387,53.16015617,33.24072203,55.49521863,54.478292,68.0804505,55.22029954,35.06177351,109.1319837,143.1523567,44.36822063,44.74626045,97.6932539,75.14644838,49.71311181,196.8788604,63.80372886,58.75317031,164.5604884,132.3544149,215.266694,29.713046,67.34602184,44.83766708,42.70164044,38.74964526,48.2618861,41.63634558,44.23781068,42.80192998,74.23255953,31.13288963,48.03874761,40.31281594,51.00016914,72.33727303,40.85391175,38.42244679,51.89855574,163.6812519
2017,NA,NA,NA,NA,NA,NA,NA,NA,NA,NA,NA,NA,NA,NA,39.43323102,49.77067825,52.71944364,50.57605474,25.17256928,41.99592478,52.32698058,33.14460047,45.4239199,74.99200753,50.79195603,44.89245331,44.47457929,40.65400187,47.41429283,53.36265578,34.06335362,43.80857851,46.97254575,44.70482313,57.1889492,48.78014035,53.06977381,36.61969494,51.60139137,77.87414365,41.41251978,36.39411407,41.35690068,50.78802845,45.71770104,48.46404635,58.25010159,50.40554168,39.04867072,68.68880886,34.12815203,45.45292835,28.60219,36.94124707,35.9321288,29.20075583,56.32620697,33.2674796,33.31233053,25.72715076,42.6121334,41.37506645,72.44660514,NA,NA,NA,NA,NA,NA,NA,NA,NA,NA,NA,NA,NA,NA,NA,NA,NA,NA,NA,NA,NA,NA,NA,NA,NA,NA,NA,NA,NA,NA,NA,NA,NA,NA,NA,NA,NA,NA,NA,NA,NA,NA,NA,NA,NA,NA,NA,NA,NA,NA,NA,NA,NA,NA,NA,NA,NA,NA,NA,NA,NA,NA,NA,NA,NA,NA,NA,NA,NA,NA,NA,NA,NA,NA,NA,NA
2018,NA,NA,NA,NA,NA,NA,NA,NA,NA,NA,NA,NA,NA,NA,NA,NA,NA,NA,NA,NA,NA,NA,NA,NA,NA,NA,NA,NA,NA,NA,NA,NA,NA,NA,NA,NA,NA,NA,NA,NA,NA,40.79697689,41.25849337,50.67370364,50.57790571,44.22335938,64.96690264,55.02795709,32.97611967,68.26215175,37.83491144,42.53032439,27.12517967,28.37365873,44.06269438,34.16288613,47.43074555,41.06227758,37.83808254,36.2136848,27.62887751,50.56258337,58.21794975,NA,NA,NA,NA,NA,NA,NA,NA,NA,NA,NA,NA,NA,NA,NA,NA,NA,NA,NA,NA,NA,NA,NA,NA,NA,NA,NA,NA,NA,NA,NA,NA,NA,NA,NA,NA,NA,NA,NA,NA,NA,NA,NA,NA,NA,NA,NA,NA,NA,NA,NA,NA,NA,NA,NA,NA,NA,NA,NA,NA,NA,NA,NA,NA,NA,NA,NA,NA,NA,NA,NA,NA,NA,NA,NA,NA
