location,lat,long,geology,BaselineSST,RCP4.5_2091thru2100_SST,RCP6.0_2091thru2100_SST,RCP8.5_2091thru2100_SST,seasonality
BigIsland,19.014069,-155.121757,Oceanic,25.26206836,25.9648213,26.33615817,27.82636737,1.108092
CentralRedSea,21.096002,39.066775,Continental,28.58740711,29.84543559,30.61488132,31.42976278,2.820241917
Chagos,-4.764585,72.504702,Oceanic,28.48668297,29.44517907,29.84487364,30.8926395,0.449194144
CHAGOS1,-7.432887,72.522234,Oceanic,27.87334991,28.91685017,29.28603098,30.38642567,1.057188902
CHAGOS2,-6.043078,71.432415,Oceanic,28.15361923,29.16039082,29.52179931,30.60625582,0.840602833
CHINA1,16.527982,112.209761,Oceanic,27.24978363,27.91672852,28.26332682,29.3976797,2.567436
CHINA2,19.060928,110.920613,Continental,26.47502625,27.30374369,27.61683502,28.69568431,3.802118273
CHINA3,19.131725,108.48235,Continental,26.06637413,26.98790912,27.0894739,28.40854281,4.19233772
CHINA4,20.664504,117.035225,Oceanic,26.4389061,27.35988948,27.82375158,28.77714361,2.994552182
CHINA5,21.836165,113.425252,Continental,24.96613928,25.97075227,26.28346488,27.22882671,4.097778159
Christmas,-10.548543,105.560172,Oceanic,27.81040543,28.60683081,29.10590981,30.19017673,1.254608697
Chuuk,7.174537,151.717098,Oceanic,28.89255341,29.9024762,30.49281459,31.59877697,0.591124742
Cocos,-12.165643,96.951859,Oceanic,27.59015778,28.54148364,28.89099739,30.03209465,0.900317371
CoralBay,-23.524097,113.362011,Continental,24.32906663,25.3840382,25.79873063,26.78245078,1.904225008
CORALSEA1,-19.415651,159.349313,Oceanic,25.9225708,26.77071253,27.30415242,28.36495717,1.776428015
CORALSEA2,-17.621135,155.760117,Oceanic,26.64074539,27.53261601,28.07445587,29.14916188,1.769525598
CORALSEA3,-17.451121,151.337587,Oceanic,26.53430473,27.42082003,27.91474144,28.98322848,1.897483977
CORALSEA4,-16.261735,149.377304,Oceanic,26.7983979,27.68975252,28.21137397,29.3649102,1.912355765
CORALTRIANGLE1,-7.250923,127.074398,Oceanic,28.29149199,28.98169432,29.49600147,30.60501586,1.513820061
CORALTRIANGLE10,2.874022,127.858477,Oceanic,28.69837038,29.59508961,30.08054506,31.24673349,0.564672038
CORALTRIANGLE11,2.970642,118.194645,Continental,28.91483779,29.7026394,30.10265962,31.09496232,0.600593909
CORALTRIANGLE12,2.995306,131.995852,Oceanic,29.12029556,30.04000406,30.58351679,31.73229583,0.682050197
CORALTRIANGLE13,3.030368,106.59876,Oceanic,28.60678895,29.29831065,29.65335572,30.63612689,1.485129788
CORALTRIANGLE14,3.487304,112.761234,Continental,28.72694615,29.58429669,29.98683474,30.79464228,1.418233591
CORALTRIANGLE15,3.559302,103.824801,Continental,28.53032455,29.27719142,29.6559522,30.64326757,1.202484311
CORALTRIANGLE16,3.899573,108.607046,Oceanic,28.58629053,29.25726233,29.63331087,30.63156246,1.483876629
CORALTRIANGLE17,5.132795,120.943493,Oceanic,28.75852346,29.55395459,29.91750325,31.05200655,0.8220365
CORALTRIANGLE18,5.921964,125.996138,Continental,28.76083109,29.65534759,30.12166123,31.30712697,0.763616674
CORALTRIANGLE19,6.142063,115.759533,Continental,28.59926358,29.41704808,29.6864729,30.70250073,1.424993583
CORALTRIANGLE2,-6.815192,130.843209,Oceanic,28.1368564,28.81473052,29.28479023,30.36577053,1.743112242
CORALTRIANGLE20,6.548574,118.334103,Continental,28.78252174,29.55866386,29.85438911,30.94936464,1.067386129
CORALTRIANGLE21,6.907616,122.711779,Continental,28.80247498,29.64340618,29.97902884,31.09787904,0.832375561
CORALTRIANGLE22,7.374581,112.793013,Oceanic,28.47314049,29.22911837,29.48848396,30.61575332,1.373931341
CORALTRIANGLE23,8.630246,105.765168,Continental,27.86639162,28.53146654,28.83167381,29.92465349,1.846064508
CORALTRIANGLE24,9.420023,100.372138,Continental,28.79110354,29.4117071,29.77322888,30.85989804,1.055315
CORALTRIANGLE25,9.562497,115.003674,Oceanic,28.64264847,29.33435812,29.56226135,30.76704346,1.318280538
CORALTRIANGLE26,9.713874,117.980178,Continental,28.60097494,29.28726568,29.56903982,30.71719834,1.262337447
CORALTRIANGLE28,11.716023,109.495759,Continental,27.16578282,27.80343464,28.11218098,29.18753091,2.1082083
CORALTRIANGLE29,12.094134,101.717022,Continental,28.83312165,29.41175986,29.7555007,30.88346638,1.168728886
CORALTRIANGLE3,-4.903622,135,Continental,28.29182937,29.00788747,29.29411616,30.23953852,1.558369924
CORALTRIANGLE30,13.224095,124.833466,Continental,28.40071591,29.32175168,29.79935025,30.86368614,1.401534682
CORALTRIANGLE31,15.076381,118.12531,Oceanic,28.30373062,29.02453623,29.32768208,30.55794942,1.8062954
CORALTRIANGLE32,15.503913,121.878414,Continental,28.33704491,29.23352007,29.72893881,30.75747649,1.473249061
CORALTRIANGLE33,15.762488,119.622726,Continental,28.50853337,29.2321288,29.56081862,30.75728622,1.975359773
CORALTRIANGLE34,18.684724,121.636746,Continental,27.89241437,28.74690338,29.2326415,30.31144462,2.141181674
CORALTRIANGLE35,20.303836,122.12149,Oceanic,27.38308968,28.30659711,28.73304619,29.7654912,2.328239083
CORALTRIANGLE4,-4.463668,120.921867,Continental,28.52889372,29.33149178,29.73837452,30.814376,1.017189758
CORALTRIANGLE5,-3.626316,112.963076,Continental,28.59305064,29.37102102,29.69368693,30.74745077,0.761170023
CORALTRIANGLE6,-2.732664,123.109001,Continental,28.53243515,29.26082065,29.69526245,30.73026968,1.069291045
CORALTRIANGLE7,-2.034779,128.780961,Oceanic,28.80164444,29.60679377,30.03494539,31.0880464,1.088248985
CORALTRIANGLE8,-1.886562,117.033909,Continental,28.71761044,29.47065974,29.91754372,30.9713619,0.397952674
CORALTRIANGLE9,1.506944,122.561233,Continental,29.22891144,30.14754234,30.53888365,31.58803967,0.464811053
Dumaguete,10.034203,122.104338,Continental,28.52495746,29.21449019,29.51907456,30.64239928,1.332872242
E_AFRICA1,-25.673214,34.640298,Continental,24.97403473,25.8512999,26.24737915,27.29986354,2.201912379
E_AFRICA10,9.723434,51.211807,Continental,26.12844241,27.48418124,27.83778943,28.92859194,1.855670871
E_AFRICA2,-18.742014,37.039103,Continental,26.3978724,27.42767027,27.89135715,28.87740846,2.048998447
E_AFRICA3,-14.138633,41.011388,Continental,27.32872521,28.35068896,28.77449038,29.71177091,1.885465371
E_AFRICA4,-10.65095,40.883285,Continental,27.43149347,28.47163464,28.89080565,29.83121461,1.915943659
E_AFRICA5,-7.057282,40.031677,Continental,27.31456535,28.35302868,28.7899191,29.75853406,1.924995386
E_AFRICA6,-3.03441,40.706759,Continental,27.07230577,28.15996078,28.60355577,29.56022336,1.663625682
E_AFRICA7,0,43.780992,Continental,26.78718834,28.17476628,28.45078481,29.48854675,1.284846917
E_AFRICA8,3.348316,47.531652,Continental,26.7393159,28.20241417,28.46660917,29.62413505,1.500826894
E_AFRICA9,7.096489,49.655366,Continental,26.49455041,27.88061532,28.24139489,29.32019916,1.476419705
E_POLYNESIA1,-27.728699,-144.040103,Oceanic,22.48608078,23.62448105,23.96803472,24.78137726,2.122855303
E_POLYNESIA10,-18.850761,-159.284462,Oceanic,26.81233025,27.61820564,28.15752093,28.94923515,1.244561348
E_POLYNESIA12,-16.834323,-142.712891,Oceanic,27.4643132,28.11515777,28.51804931,29.33896224,1.201771947
E_POLYNESIA13,-16.255996,-154.17235,Oceanic,27.90324059,28.67020671,29.13503673,29.97826666,1.143471045
E_POLYNESIA14,-14.77775,-146.920107,Oceanic,28.03025746,28.79311235,29.14421722,29.94769864,1.031058689
E_POLYNESIA15,-14.771664,-139.038359,Oceanic,27.6879068,28.41771433,28.74946698,29.50484062,1.066232561
E_POLYNESIA16,-13.3499,-162.945079,Oceanic,28.62128799,29.40801653,29.92375864,30.77929809,0.780468765
E_POLYNESIA17,-11.427337,-151.782745,Oceanic,28.54111877,29.38521781,29.69014348,30.46156682,0.770812197
E_POLYNESIA18,-10.929325,-165.716566,Oceanic,29.04489624,29.84408701,30.37011215,31.17404714,0.56089747
E_POLYNESIA19,-10.226395,-161.081809,Oceanic,29.01059189,29.84078904,30.28693975,31.07905706,0.631546712
E_POLYNESIA2,-24.693569,-129.154278,Oceanic,24.56031563,24.900476,25.35566932,25.96891878,1.925725235
E_POLYNESIA20,-10.19439,-138.850704,Oceanic,27.92265007,28.80220049,29.03484159,29.80724378,0.786820455
E_POLYNESIA21,-10.071868,-152.320482,Oceanic,28.70974815,29.55671178,29.86561325,30.67454447,0.701492871
E_POLYNESIA22,-9.97638,-150.158949,Oceanic,28.72275848,29.58008918,29.87669601,30.67890192,0.644109932
E_POLYNESIA23,-9.09814,-157.794705,Oceanic,28.94152138,29.7733268,30.1795534,30.99721062,0.611483265
E_POLYNESIA24,-8.053494,-140.550602,Oceanic,27.82195107,28.71242908,29.00011015,29.8372021,0.687140424
E_POLYNESIA3,-24.125806,-147.201511,Oceanic,24.65786964,25.54633171,25.90233146,26.4837371,1.827593818
E_POLYNESIA4,-23.157215,-151.168313,Oceanic,24.91610306,25.72819883,26.14530227,26.77672216,1.74260422
E_POLYNESIA5,-22.791849,-135.428386,Oceanic,25.4733773,25.85491519,26.31435173,27.00242648,1.700199902
E_POLYNESIA6,-21.656444,-159.303855,Oceanic,25.61230194,26.47326055,26.90495789,27.62245718,1.554238083
E_POLYNESIA7,-20.179731,-144.326219,Oceanic,26.51700104,27.11646393,27.59459936,28.35625249,1.521098409
E_POLYNESIA8,-19.652688,-157.291035,Oceanic,26.63424522,27.38281445,27.96942792,28.71168179,1.36329553
E_POLYNESIA9,-18.963123,-139.979373,Oceanic,26.78053741,27.31515859,27.76675211,28.58227895,1.319888182
Farasans,17.068298,41.478233,Continental,29.3788174,30.74616664,31.35185537,32.29142625,2.929989098
FIJI1,-20.57842,-178.542992,Oceanic,25.90011482,26.86799125,27.03426704,27.84674771,1.648745606
Fiji,-18.749537,178.171663,Oceanic,26.69420935,27.57357299,27.82418067,28.85073516,1.553167674
FIJI3,-17.262471,-179.345245,Oceanic,27.28928526,28.09085259,28.51141101,29.56040266,1.289007
FIJI4,-16.741132,177.370877,Oceanic,27.65496735,28.43201228,28.89356649,29.95976904,1.306627758
FSM_UNK,3.808463,154.957177,Oceanic,29.27325859,30.30824229,31.04101512,32.06801745,0.198562311
Gascoyne,-20.023379,118.58713,Continental,26.98821611,28.18485155,28.70805839,29.7314819,2.662780045
GBR1,-27.079305,153.562029,Continental,23.88048087,24.8494511,25.16758719,26.27061657,2.447928068
GBR6,-16.957462,146.75437,Continental,26.58279007,27.4628893,27.85970911,28.93868733,2.329699644
GBR8,-11.280246,144.400871,Continental,27.15152115,27.94934588,28.48255422,29.48102008,2.053130652
Guam,13.345587,144.931155,Oceanic,28.51938034,29.45817022,30.12164589,31.28532641,1.063517826
Djibouti,11.046803,43.930054,Continental,28.2456269,29.47666328,29.98611872,31.03877443,2.362820659
GULF_ADEN3,11.945338,50.139466,Continental,28.01820587,29.21343877,29.6076356,30.61941055,2.046687576
GULF_ADEN4,13.03816,45.956232,Continental,28.02056408,29.25039374,29.74832007,30.75362556,2.349331159
GULF_ADEN5,15.092027,51.912198,Continental,26.65106633,27.90124588,28.29490458,29.21351445,1.776544
GULF_AQABA1,28.49044,34.64066,Continental,25.04873594,25.93993327,26.70028064,27.70695763,2.597160227
GULF_AQABA2,29.163461,34.799227,Continental,24.88280869,25.77400602,26.53435339,27.54103038,2.597160227
GULF_SUEZ1,28.105305,33.532357,Continental,24.27897501,25.17017234,25.93051971,26.9371967,2.615245917
GULF_SUEZ2,28.858257,32.951074,Continental,22.08964729,23.05255267,23.78725777,24.76395853,2.615245917
GULF_SUEZ3,29.550927,32.558124,Continental,20.97294998,21.86414731,22.62449468,23.63117167,2.615245917
HAWAII3,22.882884,-161.636429,Oceanic,25.06083832,26.00129242,26.43945465,27.61758245,1.663398
HAWAII4,24.165383,-166.435839,Oceanic,25.01073959,26.04256104,26.71738683,27.6428446,2.147623917
HAWAII5,26.381182,-173.908863,Oceanic,24.39049292,25.31868659,26.00821626,26.74591157,2.730501811
HAWAII6,28.484313,-178.463757,Oceanic,23.3633374,24.37310201,24.82970245,25.73438843,3.398463
Heron,-24.049558,152.201204,Continental,24.53907384,25.45550273,25.77844839,26.85052963,2.579658803
Heywood,-12.272821,123.394951,Oceanic,28.64092201,29.5124041,30.07480034,31.120992,1.852476379
INDIA1,8.596567,76.576605,Continental,28.22231817,29.35459165,29.57165009,30.7772376,0.810299
INDIA2,8.887282,79.15608,Continental,28.04631251,29.13584981,29.31570846,30.40609644,0.687877
INDIA3,11.876742,75.108789,Continental,28.66864693,29.75860563,29.97930011,31.20233936,0.879543
INDO1,-9.605137,122.598446,Continental,28.02754005,28.77407173,29.24579618,30.33303958,1.52274575
INDO10,3.81381,99.979625,Continental,29.37740954,30.04372144,30.43033173,31.16460615,0.704328
INDO11,4.386205,95.315216,Continental,29.18128335,29.98675605,30.3609734,31.35153126,0.398284
INDO12,7.887417,93.86019,Oceanic,28.57112473,29.392161,29.70088445,30.72637388,0.523202
INDO13,10.565959,92.880388,Oceanic,28.47090912,29.3096915,29.53835793,30.68021012,0.809425
INDO14,14.28658,93.797004,Oceanic,28.26847595,29.10782607,29.2873915,30.42021647,1.42936
INDO2,-9.582536,117.232741,Continental,28.1679933,28.9148711,29.36005619,30.38164025,1.558120886
INDO3,-8.795259,112.132833,Continental,27.94326201,28.55481177,29.06861093,30.06320398,1.617819606
INDO4,-7.772421,106.116205,Continental,28.30871423,28.79783344,29.28693867,30.26660455,1.260000939
INDO5,-7.471108,116.735141,Continental,28.59895683,29.32099701,29.7567275,30.84017832,1.176307902
INDO6,-4.672279,106.948949,Continental,28.90718407,29.78418666,30.07795332,31.13311346,0.541315909
INDO7,-4.477298,102.201114,Continental,28.59555288,29.12004069,29.62408503,30.59480825,0.614004947
INDO8,-0.759897,105.260849,Continental,28.7941726,29.66909554,29.99504201,30.97899765,0.882683856
INDO9,0.848148,98.427791,Continental,29.30619898,30.03213943,30.54316416,31.44942128,0.46296
Iriomote,24.329328,124.373269,Oceanic,26.09176509,27.02880962,27.48561885,28.25046006,3.158945939
JAPAN1,24.196608,141.532578,Oceanic,26.30024879,27.33582109,27.63854631,28.78917955,3.22345225
JAPAN10,30.479738,140.32485,Oceanic,23.13479271,24.31445631,24.49817136,25.39310163,4.027557992
JAPAN11,30.632297,130.630682,Oceanic,23.50713469,24.56383431,25.13803017,25.99929116,4.03677397
JAPAN12,33.28525,133.423737,Continental,22.27762434,23.39301651,23.91190359,24.78566718,4.543719523
JAPAN3,24.44858,131.2071,Oceanic,25.79042282,26.98983332,27.07391077,28.17663675,3.344410144
JAPAN4,25.884185,131.327102,Oceanic,25.07908173,26.3053594,26.4415235,27.43506776,3.513380977
JAPAN6,26.515119,142.17473,Oceanic,24.54344421,25.69952916,25.74837738,27.01174738,3.567629212
JAPAN7,27.602007,142.22111,Oceanic,24.03936142,25.29895717,25.28327901,26.53766185,3.711062038
JAPAN8,27.845077,141.295326,Oceanic,23.95707825,25.21835322,25.24683705,26.45075602,3.762560515
JAPAN9,28.643388,129.397603,Oceanic,24.6490032,25.6710313,26.22795777,26.97635942,3.708142462
JOHNSTON,16.728194,-169.570513,Oceanic,26.52605888,27.4665763,27.95517646,29.25579342,1.165633
Kanton,-2.746698,-171.607598,Oceanic,28.64941284,29.77911102,30.33561694,31.50920983,0.373184485
Kavieng,-3.694601,151.617326,Continental,29.42059154,30.22753081,31.18061588,32.04089692,0.380036735
KOSRAE,5.265718,163.063995,Oceanic,29.06929092,30.12640889,30.79874293,31.79377161,0.383951409
LINE1,-4.837054,-155.360502,Oceanic,28.08610931,29.06166855,29.46408681,30.5494633,0.275172182
LINE2,-0.436528,-159.877507,Oceanic,27.30503494,28.44775175,29.01672529,30.21391691,0.516625894
LINE3,1.911813,-157.170168,Oceanic,27.30037721,28.47383794,28.95784088,30.13826868,0.621123
LINE4,3.985595,-159.213894,Oceanic,27.7803019,28.86819723,29.29828197,30.4193883,0.512141152
LINE5,6.334291,-162.205399,Oceanic,28.01538414,29.02275172,29.51153206,30.59581195,0.507951674
Lizard,-14.237567,145.424759,Continental,26.98230386,27.78299178,28.21960308,29.3137259,2.152207477
LORDHOWE,-31.545277,159.153238,Oceanic,21.5949662,22.48363909,22.78809949,23.66752149,2.426469689
Mackay,-20.586244,151.368587,Continental,25.92960846,26.81643072,27.18639226,28.28456884,2.486235682
MADAGASCAR1,-25.186471,43.468006,Continental,25.06137451,26.08970271,26.43130859,27.63532038,2.073914886
MADAGASCAR2,-24.868254,47.74343,Continental,25.44202823,26.35535017,26.79101581,27.67133909,1.932993667
MADAGASCAR3,-19.93025,43.591243,Continental,26.92835014,28.01127581,28.41571713,29.48814247,2.117574652
MADAGASCAR4,-19.000534,49.625033,Continental,26.59270963,27.47341362,27.90706154,28.71831897,2.128228424
MADAGASCAR5,-14.759018,46.153612,Continental,27.59333977,28.60604157,28.94317918,29.81139054,1.979974886
MADAGASCAR6,-12.427946,44.761882,Oceanic,27.3795108,28.42198745,28.76760691,29.69697575,1.979744538
MADAGASCAR7,-11.687331,49.806189,Continental,26.69600288,27.69292646,28.04779477,28.97688743,2.07625453
MADAGASCAR8,-9.649493,51.808724,Oceanic,27.14132446,28.19026321,28.57461176,29.65256764,2.006807
MADAGASCAR9,-9.46222,46.933591,Oceanic,27.06482085,28.12280603,28.48057631,29.51172306,2.256864742
MALAYSIA1,9.057829,97.443691,Continental,28.69840683,29.44182317,29.73483312,30.8192361,0.666237
MALAYSIA2,13.505295,97.600539,Continental,28.6831685,29.36007852,29.65410165,30.72611512,0.931894
MALDIVES1,-0.342349,73.518398,Oceanic,28.96090111,29.91695465,30.48812164,31.53230779,0.57445653
MALDIVES2,1.04967,73.363598,Oceanic,28.91923042,29.92380093,30.51254643,31.58917505,0.559101
MALDIVES3,2.910474,73.181212,Oceanic,28.73352867,29.82817729,30.31948487,31.43166952,0.557968
MALDIVES4,5.180716,73.310808,Oceanic,28.64077744,29.74310593,30.10073189,31.2481571,0.539855
MALDIVES5,7.071236,73.105436,Oceanic,28.71763992,29.84953155,30.09908142,31.32452418,0.619832
MALDIVES6,8.277368,73.176897,Oceanic,28.75043968,29.87321571,30.08719174,31.36242317,0.647986
MALDIVES7,10.040623,72.438923,Oceanic,28.77482262,29.93288981,30.05016798,31.39902102,0.690361
MALDIVES8,10.80043,73.797059,Oceanic,28.72076614,29.85581011,29.96799425,31.31852767,0.490104
MALDIVES9,11.848316,71.904252,Oceanic,28.66650375,29.90756007,29.98567795,31.32043289,0.713124
MARSHALLS1,-2.829137,177.097868,Oceanic,29.16848343,30.26813672,30.90461574,32.00002047,0.235518205
MARSHALLS10,11.557995,169.959178,Oceanic,27.90427132,28.96923637,29.62560158,30.72207247,0.937406886
MARSHALLS11,14.537473,169.154673,Oceanic,27.68995819,28.7501737,29.36376724,30.43601914,1.014055727
MARSHALLS2,0,173.875258,Oceanic,28.74022118,29.86979156,30.6071405,31.63944298,0.370784773
MARSHALLS3,3.153803,173.100561,Oceanic,28.86586884,30.02690349,30.71504309,31.7497211,0.388079326
MARSHALLS4,4.734571,168.504859,Oceanic,29.01418266,30.0934274,30.76996142,31.74621544,0.370122152
MARSHALLS5,6.025376,172.282166,Oceanic,28.70946068,29.78142927,30.37920365,31.37073108,0.516002841
MARSHALLS6,9.370543,169.344153,Oceanic,28.32202896,29.42472836,30.04038503,31.13264462,0.821613333
MARSHALLS7,9.660596,161.084178,Oceanic,28.4359095,29.45706505,30.11155647,31.21084388,0.769025364
MARSHALLS8,11.406182,166.225151,Oceanic,28.0468528,29.1213298,29.76969508,30.85839302,0.867947712
MARSHALLS9,11.547696,162.625026,Oceanic,28.11840479,29.17872914,29.83450154,30.93199223,0.969090598
MAURITIUS1,-20.199694,57.882244,Oceanic,25.46544942,26.33853444,26.84080953,27.70761124,2.166019894
MAURITIUS2,-16.626827,59.746483,Oceanic,26.1641713,27.12170049,27.58914282,28.48597026,2.017896455
Moorea,-17.218109,-150.529135,Oceanic,27.52827507,28.24722725,28.69329099,29.51557112,1.237860826
MTMNM,20.539723,145.027724,Oceanic,27.64805519,28.64145679,28.99878863,30.23404203,2.112123076
NAURU,-0.551855,166.991279,Oceanic,29.03785004,30.15508603,30.89839624,31.92969922,0.139038553
NewCaledonia,-21.931603,167.410581,Oceanic,25.10921903,26.02398572,26.44539228,27.556962,1.949172727
NEWCALEDONIA2,-19.409038,163.396801,Oceanic,25.94969086,26.75225027,27.28243877,28.37174973,1.827621106
Nikumaroro,-4.665066,-174.648987,Oceanic,29.08623199,30.07539075,30.63790334,31.65690969,0.221722667
Ningaloo,-21.359493,114.574227,Continental,25.72950236,26.80819982,27.30011037,28.25253944,2.096601023
NMI,17.29025,146.040849,Oceanic,28.180644,29.19067182,29.78783598,30.91577024,1.509941371
Oahu,21.112612,-157.8428,Oceanic,25.34081583,26.09298486,26.39469487,27.86102762,1.425615492
Okinawa,26.431233,128.151959,Oceanic,25.12383245,26.12441838,26.54320704,27.29022801,3.456962432
OMAN1,17.104626,55.358463,Continental,26.12589667,27.36560843,27.7233337,28.63012437,1.976668
OMAN2,19.606522,57.98953,Continental,25.39206489,26.70812973,27.02546371,27.95985251,1.781108
OMAN3,22.54705,59.970242,Continental,26.58251471,27.63156607,27.91574896,28.85073263,2.601697
Oman_Central,23.871852,58.154952,Continental,27.77016042,29.007547,29.35311635,30.39710795,3.853729
Oman_North,25.652312,56.559259,Continental,27.91431338,29.13263315,29.64184825,30.62975502,4.673049
Orona,-4.496272,-171.326664,Oceanic,28.81118095,29.80006326,30.33141372,31.37208284,0.249396371
Palau,7.336956,134.896625,Oceanic,28.92404266,29.8753436,30.3893991,31.54395449,0.785070833
PERSIAN_GULF1,24.876601,52.267947,Continental,28.37724075,29.48035838,30.12163264,31.11425095,5.70701
PERSIAN_GULF2,25.922265,55.404895,Continental,27.42572566,28.64574011,29.23287135,30.1806863,5.021944
PERSIAN_GULF3,28.931301,48.530505,Continental,24.7457171,25.8664315,26.52425977,27.52134017,6.760001295
PHOENIX4,-1.609742,-175.019432,Oceanic,28.49322647,29.66386602,30.28721646,31.47568853,0.305233348
PNG1,-11.526188,154.394704,Oceanic,28.10694297,29.00258785,29.63316036,30.85524644,1.276008818
PNG10,-1.557145,145.490496,Oceanic,29.28153763,30.19376069,31.03929902,31.97404777,0.348897189
PNG11,-0.661347,134.491093,Continental,29.26577241,30.18570895,30.69390173,31.74078012,0.359288538
PNG2,-10.178034,147.202084,Continental,27.44625126,28.28545363,28.77168258,29.84160369,1.480932265
PNG3,-9.341393,153.293544,Oceanic,28.67123612,29.59404217,30.15279066,31.22456012,1.081795894
PNG4,-8.626181,148.855357,Continental,29.06996095,29.87629564,30.36932695,31.35296648,1.138648538
PNG5,-8.604589,137.803267,Continental,27.8278104,28.54440726,28.99323653,30.05265235,1.947748682
PNG6,-6.308357,151.587229,Continental,29.2310106,30.08794305,30.73779161,31.71459888,0.851451477
PNG7,-5.122475,146.279106,Continental,28.95406055,29.84558429,30.46163043,31.43876234,0.616796614
PNG9,-2.088411,140.90634,Continental,29.16348348,30.00945719,30.5632429,31.44977905,0.399726114
Pohnpei,6.881046,158.01474,Oceanic,28.99339922,30.03080016,30.64736981,31.70854293,0.492604477
Pompey,-22.603091,151.242089,Continental,24.55153932,25.47789608,25.81756766,26.8899879,2.881560129
RED_SEA1,12.973276,43.191126,Continental,28.34469528,29.6093282,30.14096641,31.19870135,2.502731576
RED_SEA10,23.014199,38.647467,Continental,27.96265125,29.2493756,30.03290984,30.90396849,2.909076152
RED_SEA11,24.67837,35.243782,Continental,26.11741087,27.39823362,28.1651897,29.11623874,2.916342659
RED_SEA12,25.070229,36.825247,Continental,26.47793476,27.76170831,28.53695347,29.44800732,2.877317508
RED_SEA13,26.881314,34.154469,Continental,25.20489019,26.48866374,27.2639089,28.17496275,2.657900091
RedSea_North,27.139894,35.379339,Continental,25.34047739,26.23167472,26.99202209,27.99869908,2.626838538
RED_SEA2,15.022351,42.74557,Continental,29.04720777,30.3968553,31.02553673,31.98249449,3.132717015
RED_SEA3,16.052237,40.406992,Continental,29.19327305,30.56436934,31.14639424,32.08006428,2.977242591
RED_SEA5,18.340332,38.534812,Continental,29.29310015,30.68994819,31.31234173,32.22449053,2.787713477
RED_SEA6,19.041948,40.861865,Continental,29.39030736,30.71771673,31.40053787,32.31873525,2.731151591
RED_SEA7,20.44995,37.407082,Continental,28.56457138,29.78924713,30.56771978,31.39017334,2.809112735
RED_SEA9,22.633696,36.458301,Continental,27.15759106,28.40881151,29.18944314,30.09425869,2.933133992
REUNION,-21.006106,55.813584,Oceanic,25.48367952,26.37747504,26.8821811,27.67544565,2.187399598
RODRIGUES,-19.662518,63.282179,Oceanic,25.28677193,26.18121315,26.72199735,27.58057533,1.995645561
Rose,-14.566177,-168.06268,Oceanic,28.34307556,29.09082616,29.75494614,30.64744314,0.813551727
ROTUMA,-12.50453,177.169737,Oceanic,28.6882991,29.50014832,30.12764949,31.10260549,0.739218515
Rowley,-17.323016,119.126317,Oceanic,27.60517204,28.72326616,29.18322227,30.24678097,2.283886015
Saipan,15.02902,145.926726,Oceanic,28.40422684,29.35375204,30.01707093,31.14037822,1.265356591
SAMOA1,-19.001846,-169.637248,Oceanic,26.85052339,27.74617693,28.14046149,29.03130342,1.366282606
SATAWAN,5.301598,153.787921,Oceanic,29.10899384,30.16028168,30.79460328,31.83222484,0.3550815
Savaii,-13.717838,-172.697997,Oceanic,28.69740188,29.43716501,30.17008814,31.04126556,0.804656667
Scott,-13.982581,122.054051,Oceanic,28.43586548,29.41568255,29.98514297,31.04876284,1.892807644
SeyAm,-10.360406,56.687671,Oceanic,27.38883675,28.49622963,28.84336327,29.92108086,1.7363275
SeyGran,-4.471755,55.603935,Oceanic,27.90573212,29.04440107,29.40183439,30.42229007,1.461670652
SEYCHELLES2,-7.214784,56.358612,Oceanic,27.50638077,28.60008271,28.95846233,30.06243826,1.5793903
SEYCHELLES3,-7.099943,52.812291,Oceanic,27.46587433,28.56201767,28.90581217,29.98391886,1.928675182
SEYCHELLES4,-5.525568,53.448743,Oceanic,27.72773071,28.83452774,29.19038572,30.22652552,1.808714197
SOCOTRA,12.694542,54.553361,Continental,26.63424628,28.03253996,28.37746858,29.47888358,1.582527
Solomons,-8.380361,158.53041,Continental,29.30576016,30.18497107,30.84052247,31.82976706,0.753004371
SOLOMONS2,-6.446394,156.212079,Continental,29.34745046,30.17031067,30.91606287,31.87316457,0.574632803
SOLOMONS3,-4.601256,159.587205,Oceanic,29.49563194,30.37723379,31.19124123,32.10622383,0.230668
SOLOMONS4,-3.647115,154.921094,Oceanic,29.39795105,30.33201197,31.21769363,32.12431747,0.332959462
Somalia,11.138053,46.466918,Continental,28.11220519,29.34101556,29.81996759,30.91055165,2.381939174
SOROL,8.06991,140.470893,Oceanic,28.92910927,29.8937881,30.41077062,31.57850553,0.798107295
SRILANKA1,6.223184,79.752495,Continental,28.18260263,29.32605242,29.62933598,30.76685404,0.665793
SRILANKA2,7.063134,82.066351,Continental,28.45436466,29.46736057,29.7824098,30.95406966,0.99462
SRILANKA3,10.147106,80.239463,Continental,28.48248257,29.53028314,29.70300564,30.81603652,1.25573
TAIWAN1,22.214855,121.026096,Continental,27.09116955,28.03517082,28.47251327,29.41567034,2.693107227
TAIWAN2,23.234504,119.981401,Continental,25.73935837,26.80692836,27.20896948,28.03216869,6.038980633
TAIWAN3,25.290804,121.822445,Continental,24.41052808,25.4372803,25.85157982,26.71466804,4.888173061
TAPIWA,-0.86237,169.553728,Oceanic,29.07609001,30.22533555,30.93183825,31.99471141,0.179948462
TOKELAU1,-11.095827,-170.963802,Oceanic,29.00496735,29.80403046,30.41157237,31.22460541,0.621871265
TOKELAU2,-8.852971,-172.218572,Oceanic,29.16530029,29.96244156,30.56702606,31.35484116,0.389487902
Tonga,-21.246127,-175.018235,Oceanic,25.50363143,26.48315821,26.63146906,27.43253234,1.723267205
TONGA2,-18.687071,-174.2334,Oceanic,26.81412514,27.63528934,27.99013413,28.94434441,1.299454114
Townsville,-18.912279,148.695055,Continental,26.3680159,27.26988866,27.66213389,28.73886068,2.441465886
TROMELIN,-15.895096,54.516658,Oceanic,26.57619255,27.52110603,27.92585838,28.85645175,2.0743846
Tutuila,-14.376574,-170.605761,Oceanic,28.44942352,29.1772764,29.88146138,30.77182571,0.838207553
TUVALU1,-9.18577,179.82775,Oceanic,29.30656408,30.07777253,30.73920098,31.60210712,0.431220303
TUVALU2,-5.907787,176.321952,Oceanic,29.25002419,30.10506366,30.75648221,31.62308327,0.158895947
VANUATU1,-20.34539,170.199243,Oceanic,25.79621458,26.71628549,27.10481698,28.18601052,1.833482848
VANUATU2,-17.222559,167.894825,Oceanic,27.43707108,28.20572393,28.75701965,29.85379751,1.475105477
VANUATU3,-13.977574,166.917787,Oceanic,28.2409091,29.13107061,29.67590119,30.78129224,1.030391455
VANUATU4,-10.427855,166.634326,Oceanic,29.04186333,29.94186105,30.53859109,31.56161406,0.730940424
W_AUSTRALIA1,-29.723191,114.711311,Continental,21.4710847,22.25746547,22.51697627,23.55532033,1.763657591
Abrolhos,-28.585359,114.182906,Continental,21.86314061,22.68529179,22.97655563,24.04395675,1.777535856
W_AUSTRALIA3,-26.071986,112.846688,Continental,23.09701651,24.07838171,24.31572073,25.30058681,1.817101962
W_AUSTRALIA7,-18.080712,121.940662,Continental,27.20248628,28.34447363,28.84937781,29.94618465,2.500212886
WAKE,19.261455,166.710971,Oceanic,27.31571785,28.51003624,29.14476702,30.07830483,1.541828591
WALLISFUTUNA1,-15.923326,-173.643522,Oceanic,28.05920113,28.79585147,29.47304441,30.43639331,0.923342273
WALLISFUTUNA2,-15.597515,-175.4847,Oceanic,28.02925438,28.75310298,29.46058207,30.43639346,0.940293871
WALLISFUTUNA3,-14.363583,-177.911667,Oceanic,28.46121933,29.20774083,29.92930939,30.89847061,0.897026
WALLISFUTUNA4,-13.34251,-176.058828,Oceanic,28.71307518,29.45854408,30.18865654,31.10637695,0.788234174
WOLEAI,7.314637,143.889281,Oceanic,28.93711479,29.9050913,30.43801964,31.5737968,0.637000856
Yap,9.423398,138.284825,Oceanic,28.82628342,29.79858948,30.32125564,31.50740855,0.884382909
Upolu,-14.065766,-171.6762,Oceanic,,,,,
Tinian,14.971481,145.595904,Oceanic,,,,,
MHI,20.517377,-156.962448,Oceanic,,,,,
